{"stats":{"minecraft:killed":{"minecraft:cave_spider":10,"born_in_chaos_v1:restless_spirit":4,"born_in_chaos_v1:zombie_lumberjack":1,"born_in_chaos_v1:skeleton_demoman":1,"born_in_chaos_v1:door_knight_not_despawn":1,"iceandfire:gorgon":1,"minecraft:spider":23,"royalvariations:royal_skeleton":1,"born_in_chaos_v1:siamese_skeletonsright":1,"born_in_chaos_v1:baby_skeleton_minion":5,"born_in_chaos_v1:scarlet_persecutor":3,"creeperoverhaul:dripstone_creeper":1,"minecraft:skeleton":37,"born_in_chaos_v1:skeleton_thrasher":2,"minecraft:silverfish":13,"born_in_chaos_v1:supreme_bonescaller_stage_2":1,"minecraft:pig":2,"minecraft:zombie_villager":2,"minecraft:creeper":4,"minecraft:sheep":4,"minecraft:zombie":81,"born_in_chaos_v1:dread_hound":7,"born_in_chaos_v1:corpse_fly":17,"minecraft:stray":11,"born_in_chaos_v1:door_knight":2,"mowziesmobs:umvuthana_raptor":1,"iceandfire:sea_serpent":1,"born_in_chaos_v1:siamese_skeletonsleft":1,"minecraft:cow":2,"born_in_chaos_v1:skeleton_thrasher_not_despawn":1,"born_in_chaos_v1:zombie_bruiser":2,"born_in_chaos_v1:maggot":24,"born_in_chaos_v1:spiritof_chaos":3,"born_in_chaos_v1:fallen_chaos_knight":3,"graveyard:ghoul":5,"born_in_chaos_v1:bone_imp_minion":16,"born_in_chaos_v1:baby_skeleton":8,"born_in_chaos_v1:swarmer":2,"iceandfire:troll":1,"mowziesmobs:umvuthana_follower_raptor":4,"born_in_chaos_v1:decrepit_skeleton":6,"royalvariations:royal_zombie":2,"born_in_chaos_v1:bloody_gadfly":1,"born_in_chaos_v1:decaying_zombie":1,"born_in_chaos_v1:bonescaller_not_despawn":2,"born_in_chaos_v1:dark_vortex":1,"minecraft:wither_skeleton":2},"minecraft:mined":{"minecraft:white_bed":6,"iceandfire:copper_pile":1,"minecraft:cobblestone_stairs":2,"minecraft:grass_block":1,"minecraft:chiseled_stone_bricks":1,"minecraft:spawner":157,"minecraft:iron_ore":6,"minecraft:fire":1,"minecraft:anvil":6,"minecraft:iron_bars":51,"minecraft:iron_block":2,"minecraft:quartz_block":70,"minecraft:smoker":6,"iceandfire:podium_acacia":1,"minecraft:torch":52,"minecraft:blast_furnace":3,"minecraft:cobblestone":15,"minecraft:oak_planks":4,"minecraft:bricks":4,"minecraft:wall_torch":6,"minecraft:chain":3,"born_in_chaos_v1:river_mint":1,"minecraft:stone_brick_stairs":2,"minecraft:infested_mossy_stone_bricks":1,"minecraft:grass":16,"minecraft:oak_log":27,"minecraft:netherrack":1,"minecraft:oak_leaves":12,"iceandfire:silver_ore":2,"minecraft:mossy_cobblestone":14,"minecraft:dark_oak_log":5,"minecraft:nether_bricks":4,"minecraft:brick_stairs":1,"minecraft:hay_block":45,"minecraft:furnace":3,"minecraft:gold_block":1,"minecraft:mossy_stone_brick_stairs":1,"minecraft:vine":74,"minecraft:stone":135,"iceandfire:pixie_jar_empty":1,"minecraft:smithing_table":1,"minecraft:basalt":1,"minecraft:stone_brick_slab":1,"minecraft:crafting_table":18,"minecraft:copper_ore":8,"minecraft:birch_planks":3,"minecraft:birch_leaves":4,"minecraft:coal_ore":28,"minecraft:cracked_stone_bricks":6,"minecraft:stone_bricks":5,"minecraft:mossy_stone_bricks":16},"minecraft:dropped":{"iceandfire:raw_silver":4,"minecraft:brown_mushroom":2,"minecraft:cracked_stone_bricks":1,"born_in_chaos_v1:pieceofdarkmetal":8,"minecraft:red_mushroom":1,"minecraft:emerald":4,"minecraft:cobblestone_stairs":1,"born_in_chaos_v1:monster_flesh":3,"minecraft:dirt":16,"tombstone:bag_of_seeds":1,"minecraft:dark_oak_log":2,"minecraft:glistering_melon_slice":11,"minecraft:birch_log":2,"minecraft:bone":39,"minecraft:iron_nugget":3,"alexsmobs:animal_dictionary":1,"minecraft:wheat":4,"minecraft:birch_sapling":2,"minecraft:rotten_flesh":96,"born_in_chaos_v1:smoked_flesh":6,"minecraft:oak_planks":4,"alexsmobs:emu_egg":2,"minecraft:poppy":1,"minecraft:tipped_arrow":9,"minecraft:brick_stairs":1,"born_in_chaos_v1:corpse_maggot":28,"minecraft:acacia_sapling":1,"minecraft:iron_bars":23,"born_in_chaos_v1:marigolds":2,"minecraft:netherrack":1,"minecraft:egg":1,"minecraft:wheat_seeds":67,"minecraft:cherry_log":3,"minecraft:feather":10,"minecraft:iron_helmet":1,"minecraft:gray_wool":1,"born_in_chaos_v1:river_mint":9,"minecraft:wooden_axe":2,"aquaculture:atlantic_herring":1,"minecraft:string":8,"minecraft:pink_petals":12,"minecraft:dandelion":6,"minecraft:bricks":6,"minecraft:raw_copper":8,"minecraft:bowl":2,"minecraft:light_gray_wool":2,"minecraft:nether_bricks":2,"minecraft:potato":3,"minecraft:shield":4,"minecraft:bundle":4,"minecraft:oak_sapling":4,"minecraft:spider_eye":7,"minecraft:bow":1,"minecraft:wooden_pickaxe":2},"minecraft:crafted":{"minecraft:oak_planks":60,"minecraft:smooth_stone":3,"minecraft:stone":6,"luckys_armory:heavy_iron_armor_boots":1,"minecraft:diamond_helmet":1,"minecraft:iron_boots":1,"sophisticatedbackpacks:copper_backpack":1,"minecraft:chest":1,"minecraft:smoker":1,"sophisticatedbackpacks:backpack":1,"minecraft:cooked_porkchop":2,"minecraft:crafting_table":2,"minecraft:wooden_pickaxe":1,"minecraft:iron_helmet":1,"tombstone:decorative_grave_simple":1,"minecraft:copper_ingot":22,"minecraft:gold_block":20,"luckys_armory:heavy_iron_armor_chestplate":1,"minecraft:iron_chestplate":1,"minecraft:shield":1,"minecraft:stick":36,"born_in_chaos_v1:smoked_flesh":3,"minecraft:iron_ingot":25,"minecraft:iron_block":22,"minecraft:gold_ingot":8,"luckys_armory:heavy_iron_armor_leggings":1,"minecraft:furnace":3,"minecraft:blast_furnace":1,"born_in_chaos_v1:smoked_monster_flesh":6,"minecraft:iron_axe":2,"minecraft:stone_pickaxe":1,"minecraft:wheat":405,"sophisticatedbackpacks:iron_backpack":2,"minecraft:cooked_beef":5,"tombstone:ankh_of_pray":2,"sophisticatedbackpacks:gold_backpack":2,"minecraft:stone_axe":1,"minecraft:bread":139,"minecraft:air":0,"minecraft:golden_apple":24,"tombstone:dark_marble":3,"minecraft:wooden_axe":2,"minecraft:iron_leggings":1,"minecraft:anvil":1,"minecraft:white_bed":2,"minecraft:torch":60},"minecraft:picked_up":{"minecraft:wooden_axe":1,"minecraft:wheat":2,"minecraft:chainmail_boots":1,"minecraft:anvil":6,"minecraft:smithing_table":1,"minecraft:lead":2,"minecraft:stone_brick_stairs":2,"minecraft:string":32,"minecraft:raw_copper":30,"minecraft:furnace":3,"minecraft:iron_boots":2,"minecraft:golden_helmet":1,"minecraft:tipped_arrow":15,"minecraft:stick":11,"born_in_chaos_v1:shattered_skull":6,"minecraft:torch":88,"minecraft:porkchop":4,"minecraft:cherry_log":3,"tombstone:grave_dust":32,"minecraft:golden_chestplate":2,"minecraft:orange_bed":1,"minecraft:quartz_block":70,"minecraft:rotten_flesh":176,"minecraft:iron_block":2,"alexsmobs:emu_egg":2,"minecraft:iron_bars":60,"minecraft:cobblestone":149,"minecraft:birch_log":4,"born_in_chaos_v1:staffof_magic_arrows":1,"minecraft:pink_petals":17,"minecraft:feather":12,"minecraft:iron_door":1,"born_in_chaos_v1:spiritual_dust":4,"minecraft:smoker":6,"minecraft:potato":6,"minecraft:dirt":59,"born_in_chaos_v1:monster_skin":3,"born_in_chaos_v1:marigolds":2,"minecraft:leather_boots":2,"minecraft:bone":147,"minecraft:bow":3,"minecraft:wheat_seeds":73,"minecraft:mossy_stone_bricks":20,"minecraft:oak_planks":6,"minecraft:mossy_stone_brick_stairs":2,"aquaculture:atlantic_herring":1,"minecraft:cooked_porkchop":2,"royalvariations:royal_bone":1,"graveyard:mossy_cobblestone_gravestone":1,"minecraft:dark_oak_log":6,"minecraft:mossy_cobblestone":20,"minecraft:bundle":5,"waystones:waystone":1,"minecraft:granite":3,"minecraft:emerald":2,"minecraft:chainmail_helmet":2,"iceandfire:gorgon_head":1,"minecraft:oak_sapling":5,"minecraft:netherrack":2,"minecraft:bricks":6,"iceandfire:raw_silver":4,"minecraft:crafting_table":19,"born_in_chaos_v1:river_mint":9,"born_in_chaos_v1:seedof_chaos":3,"minecraft:brown_mushroom":2,"minecraft:wooden_pickaxe":1,"minecraft:gold_block":1,"minecraft:chain":3,"minecraft:shield":5,"minecraft:acacia_door":1,"graveyard:corruption":1,"iceandfire:bestiary":1,"minecraft:cracked_stone_bricks":8,"minecraft:beef":5,"minecraft:poppy":1,"minecraft:light_gray_wool":2,"iceandfire:podium_acacia":1,"minecraft:birch_sapling":2,"minecraft:egg":1,"minecraft:raw_iron":6,"minecraft:bowl":1,"aquaculture:perch":1,"born_in_chaos_v1:pieceofdarkmetal":21,"minecraft:carrot":5,"minecraft:stone_pressure_plate":3,"iceandfire:sea_serpent_scales_purple":8,"minecraft:arrow":109,"royalvariations:royal_knight_helmet_helmet":1,"minecraft:nether_bricks":5,"minecraft:diamond_boots":1,"minecraft:hay_block":45,"minecraft:glistering_melon_slice":11,"tombstone:essence_of_undeath":1,"minecraft:gold_ingot":3,"minecraft:brick_stairs":1,"born_in_chaos_v1:trident_hayfork":1,"minecraft:mutton":12,"minecraft:white_wool":6,"born_in_chaos_v1:fused_bone":2,"born_in_chaos_v1:corpse_maggot":41,"minecraft:basalt":1,"iceandfire:sea_serpent_fang":4,"born_in_chaos_v1:monster_flesh":11,"minecraft:leather":7,"minecraft:red_mushroom":1,"minecraft:birch_planks":3,"royalvariations:spiritual_crown_shard":1,"minecraft:oak_log":35,"minecraft:chainmail_chestplate":2,"minecraft:golden_boots":2,"minecraft:gunpowder":10,"minecraft:cobblestone_stairs":2,"minecraft:cooked_mutton":8,"minecraft:red_carpet":5,"minecraft:apple":1,"iceandfire:pixie_jar_empty":1,"minecraft:stone_bricks":5,"mowziesmobs:umvuthana_mask_rage":1,"born_in_chaos_v1:smoked_flesh":3,"minecraft:iron_ingot":6,"tombstone:bag_of_seeds":4,"minecraft:acacia_sapling":3,"mowziesmobs:umvuthana_mask_misery":2,"minecraft:iron_sword":2,"iceandfire:copper_nugget":8,"minecraft:chiseled_stone_bricks":1,"minecraft:stone_brick_slab":1,"born_in_chaos_v1:orbofthe_summoner":1,"born_in_chaos_v1:ethereal_spirit":15,"minecraft:dandelion":6,"minecraft:gravel":2,"born_in_chaos_v1:dark_rod":2,"minecraft:blast_furnace":3,"minecraft:white_bed":6,"minecraft:spider_eye":11,"minecraft:chainmail_leggings":1,"minecraft:iron_helmet":2,"minecraft:diamond_axe":1,"minecraft:gray_wool":1,"mowziesmobs:umvuthana_mask_fear":2,"tombstone:magic_scroll":3,"minecraft:coal":272},"minecraft:custom":{"minecraft:interact_with_crafting_table":69,"minecraft:open_barrel":37,"minecraft:leave_game":12,"minecraft:time_since_death":148205,"minecraft:sprint_one_cm":2427782,"minecraft:damage_blocked_by_shield":17551,"minecraft:drop":148,"minecraft:talked_to_villager":14,"minecraft:play_time":446095,"minecraft:deaths":28,"minecraft:jump":4729,"minecraft:interact_with_brewingstand":2,"minecraft:walk_on_water_one_cm":16938,"minecraft:interact_with_furnace":30,"minecraft:sleep_in_bed":11,"minecraft:waystone_activated":1,"minecraft:damage_dealt":58525,"minecraft:crouch_one_cm":63571,"tombstone:undead_killed":198,"minecraft:interact_with_smoker":15,"minecraft:interact_with_smithing_table":3,"minecraft:mob_kills":331,"minecraft:interact_with_anvil":18,"minecraft:damage_dealt_resisted":4256,"minecraft:climb_one_cm":8424,"minecraft:walk_one_cm":565259,"minecraft:damage_dealt_absorbed":53,"minecraft:sneak_time":24201,"minecraft:walk_under_water_one_cm":15976,"minecraft:interact_with_blast_furnace":20,"minecraft:total_world_time":446095,"tombstone:raider_killed":1,"tombstone:pray_on_grave":1,"minecraft:time_since_rest":7937,"minecraft:damage_taken":15097,"minecraft:damage_absorbed":672,"minecraft:swim_one_cm":61539,"minecraft:fly_one_cm":1010020,"minecraft:open_chest":622,"minecraft:fall_one_cm":88395},"minecraft:broken":{"minecraft:wooden_axe":1,"minecraft:chainmail_helmet":1,"minecraft:shield":1,"minecraft:iron_axe":1,"minecraft:iron_pickaxe":1},"minecraft:used":{"minecraft:shield":340,"minecraft:iron_sword":17,"minecraft:rotten_flesh":3,"minecraft:nether_bricks":2,"minecraft:carrot":10,"tombstone:decorative_grave_simple":1,"born_in_chaos_v1:smoked_flesh":11,"minecraft:quartz_block":6,"minecraft:bow":114,"minecraft:furnace":4,"minecraft:diamond_boots":2,"iceandfire:podium_acacia":1,"minecraft:stone_pickaxe":9,"minecraft:oak_planks":7,"minecraft:ender_pearl":7,"minecraft:wooden_pickaxe":11,"minecraft:diamond_axe":347,"minecraft:golden_apple":24,"minecraft:mushroom_stew":1,"minecraft:blast_furnace":4,"waystones:waystone":1,"born_in_chaos_v1:monster_flesh":1,"minecraft:bread":87,"minecraft:iron_door":1,"born_in_chaos_v1:smoked_monster_flesh":6,"minecraft:diamond_sword":332,"minecraft:experience_bottle":3,"minecraft:torch":348,"minecraft:dirt":7,"minecraft:anvil":6,"minecraft:wooden_axe":39,"tombstone:ankh_of_pray":3,"minecraft:iron_axe":171,"tombstone:gift":8,"minecraft:cooked_beef":13,"minecraft:cooked_mutton":13,"minecraft:cobblestone_stairs":1,"minecraft:birch_planks":3,"minecraft:crafting_table":20,"minecraft:white_bed":7,"minecraft:smoker":6,"minecraft:diamond_pickaxe":340,"minecraft:diamond_shovel":1,"minecraft:iron_pickaxe":256,"minecraft:stone_axe":58,"minecraft:cobblestone":143,"minecraft:potion":3,"minecraft:cooked_porkchop":2,"alexsmobs:animal_dictionary":1}},"DataVersion":3465}