{"stats":{"minecraft:killed":{"minecraft:cave_spider":10,"born_in_chaos_v1:restless_spirit":4,"born_in_chaos_v1:skeleton_demoman":1,"born_in_chaos_v1:door_knight_not_despawn":1,"iceandfire:gorgon":1,"minecraft:spider":19,"royalvariations:royal_skeleton":1,"born_in_chaos_v1:skeleton_thrasher_not_despawn":1,"born_in_chaos_v1:zombie_bruiser":1,"born_in_chaos_v1:siamese_skeletonsright":1,"born_in_chaos_v1:baby_skeleton_minion":5,"creeperoverhaul:dripstone_creeper":1,"born_in_chaos_v1:maggot":11,"born_in_chaos_v1:scarlet_persecutor":3,"minecraft:skeleton":36,"born_in_chaos_v1:skeleton_thrasher":1,"minecraft:silverfish":13,"born_in_chaos_v1:supreme_bonescaller_stage_2":1,"born_in_chaos_v1:spiritof_chaos":1,"born_in_chaos_v1:fallen_chaos_knight":2,"minecraft:pig":2,"graveyard:ghoul":4,"born_in_chaos_v1:bone_imp_minion":15,"born_in_chaos_v1:baby_skeleton":7,"minecraft:zombie_villager":2,"iceandfire:troll":1,"minecraft:creeper":4,"born_in_chaos_v1:decrepit_skeleton":6,"minecraft:sheep":4,"born_in_chaos_v1:bloody_gadfly":1,"born_in_chaos_v1:decaying_zombie":1,"minecraft:zombie":64,"born_in_chaos_v1:dread_hound":1,"born_in_chaos_v1:corpse_fly":3,"born_in_chaos_v1:bonescaller_not_despawn":2,"minecraft:stray":11,"born_in_chaos_v1:door_knight":1,"minecraft:wither_skeleton":2,"born_in_chaos_v1:siamese_skeletonsleft":1,"iceandfire:sea_serpent":1,"minecraft:cow":2},"minecraft:dropped":{"iceandfire:raw_silver":4,"minecraft:brown_mushroom":2,"minecraft:wheat_seeds":49,"minecraft:iron_helmet":1,"minecraft:cracked_stone_bricks":1,"born_in_chaos_v1:pieceofdarkmetal":8,"minecraft:cobblestone_stairs":1,"minecraft:red_mushroom":1,"minecraft:emerald":4,"minecraft:dirt":16,"tombstone:bag_of_seeds":1,"minecraft:gray_wool":1,"minecraft:dark_oak_log":2,"minecraft:wooden_axe":2,"aquaculture:atlantic_herring":1,"minecraft:glistering_melon_slice":11,"minecraft:string":3,"minecraft:pink_petals":12,"minecraft:birch_log":1,"minecraft:bone":12,"minecraft:dandelion":6,"minecraft:bricks":6,"minecraft:iron_nugget":3,"alexsmobs:animal_dictionary":1,"minecraft:raw_copper":8,"minecraft:birch_sapling":2,"minecraft:wheat":4,"minecraft:light_gray_wool":2,"minecraft:rotten_flesh":61,"born_in_chaos_v1:smoked_flesh":6,"minecraft:nether_bricks":2,"minecraft:potato":3,"minecraft:tipped_arrow":9,"minecraft:shield":4,"minecraft:brick_stairs":1,"minecraft:bundle":4,"born_in_chaos_v1:corpse_maggot":11,"minecraft:oak_sapling":4,"minecraft:spider_eye":6,"minecraft:iron_bars":23,"minecraft:bow":1,"minecraft:wooden_pickaxe":2,"born_in_chaos_v1:marigolds":2,"minecraft:netherrack":1,"minecraft:egg":1},"minecraft:mined":{"minecraft:white_bed":3,"iceandfire:silver_ore":2,"minecraft:mossy_cobblestone":14,"minecraft:cobblestone_stairs":2,"minecraft:dark_oak_log":5,"minecraft:nether_bricks":4,"minecraft:brick_stairs":1,"minecraft:chiseled_stone_bricks":1,"minecraft:spawner":157,"minecraft:hay_block":22,"minecraft:furnace":3,"minecraft:iron_ore":6,"minecraft:fire":1,"minecraft:anvil":6,"minecraft:gold_block":1,"minecraft:mossy_stone_brick_stairs":1,"minecraft:vine":73,"minecraft:iron_bars":51,"minecraft:stone":127,"minecraft:iron_block":2,"minecraft:smithing_table":1,"minecraft:quartz_block":70,"minecraft:smoker":6,"minecraft:crafting_table":16,"minecraft:torch":52,"minecraft:blast_furnace":2,"minecraft:copper_ore":8,"minecraft:cobblestone":15,"minecraft:oak_planks":4,"minecraft:bricks":4,"minecraft:wall_torch":6,"minecraft:chain":3,"minecraft:birch_planks":3,"minecraft:stone_brick_stairs":2,"minecraft:grass":6,"minecraft:infested_mossy_stone_bricks":1,"minecraft:coal_ore":28,"minecraft:oak_log":27,"minecraft:cracked_stone_bricks":6,"minecraft:stone_bricks":5,"minecraft:netherrack":1,"minecraft:mossy_stone_bricks":16,"minecraft:oak_leaves":6},"minecraft:crafted":{"minecraft:smooth_stone":3,"minecraft:oak_planks":56,"luckys_armory:heavy_iron_armor_leggings":1,"minecraft:furnace":3,"minecraft:blast_furnace":1,"minecraft:stone":3,"luckys_armory:heavy_iron_armor_boots":1,"born_in_chaos_v1:smoked_monster_flesh":6,"minecraft:diamond_helmet":1,"minecraft:iron_boots":1,"sophisticatedbackpacks:copper_backpack":1,"minecraft:iron_axe":2,"minecraft:stone_pickaxe":1,"minecraft:chest":1,"minecraft:smoker":1,"sophisticatedbackpacks:iron_backpack":2,"minecraft:wheat":198,"minecraft:cooked_beef":5,"minecraft:cooked_porkchop":2,"sophisticatedbackpacks:backpack":1,"minecraft:crafting_table":1,"minecraft:wooden_pickaxe":1,"minecraft:iron_helmet":1,"minecraft:copper_ingot":22,"sophisticatedbackpacks:gold_backpack":2,"luckys_armory:heavy_iron_armor_chestplate":1,"minecraft:stone_axe":1,"minecraft:bread":68,"minecraft:air":0,"minecraft:iron_chestplate":1,"minecraft:shield":1,"minecraft:stick":36,"born_in_chaos_v1:smoked_flesh":3,"minecraft:iron_ingot":25,"minecraft:wooden_axe":2,"minecraft:iron_block":3,"minecraft:iron_leggings":1,"minecraft:anvil":1,"minecraft:white_bed":2,"minecraft:torch":60},"minecraft:picked_up":{"minecraft:wooden_axe":1,"minecraft:crafting_table":17,"minecraft:wheat":2,"minecraft:chainmail_boots":1,"born_in_chaos_v1:river_mint":4,"minecraft:anvil":6,"born_in_chaos_v1:seedof_chaos":2,"minecraft:smithing_table":1,"minecraft:brown_mushroom":2,"minecraft:lead":2,"minecraft:wooden_pickaxe":1,"minecraft:gold_block":1,"minecraft:stone_brick_stairs":2,"minecraft:chain":3,"minecraft:shield":5,"minecraft:string":24,"minecraft:raw_copper":30,"graveyard:corruption":1,"minecraft:cracked_stone_bricks":8,"minecraft:beef":5,"minecraft:birch_sapling":2,"minecraft:light_gray_wool":2,"minecraft:egg":1,"minecraft:iron_boots":2,"minecraft:furnace":3,"minecraft:tipped_arrow":15,"minecraft:golden_helmet":1,"minecraft:raw_iron":6,"minecraft:stick":7,"born_in_chaos_v1:shattered_skull":5,"minecraft:torch":88,"aquaculture:perch":1,"minecraft:porkchop":4,"tombstone:grave_dust":29,"born_in_chaos_v1:pieceofdarkmetal":16,"minecraft:carrot":3,"minecraft:golden_chestplate":2,"minecraft:stone_pressure_plate":3,"minecraft:quartz_block":70,"minecraft:arrow":102,"iceandfire:sea_serpent_scales_purple":8,"minecraft:rotten_flesh":123,"minecraft:nether_bricks":5,"minecraft:diamond_boots":1,"minecraft:hay_block":22,"minecraft:iron_block":2,"minecraft:gold_ingot":2,"tombstone:essence_of_undeath":1,"minecraft:glistering_melon_slice":11,"minecraft:brick_stairs":1,"born_in_chaos_v1:trident_hayfork":1,"minecraft:mutton":12,"minecraft:iron_bars":60,"minecraft:white_wool":6,"minecraft:cobblestone":141,"born_in_chaos_v1:fused_bone":2,"minecraft:birch_log":3,"minecraft:pink_petals":17,"born_in_chaos_v1:corpse_maggot":15,"born_in_chaos_v1:staffof_magic_arrows":1,"iceandfire:sea_serpent_fang":4,"born_in_chaos_v1:monster_flesh":2,"minecraft:iron_door":1,"born_in_chaos_v1:spiritual_dust":4,"minecraft:leather":7,"minecraft:red_mushroom":1,"minecraft:smoker":6,"minecraft:potato":3,"minecraft:birch_planks":3,"minecraft:oak_log":31,"minecraft:chainmail_chestplate":2,"minecraft:golden_boots":2,"minecraft:gunpowder":10,"minecraft:cobblestone_stairs":2,"minecraft:dirt":41,"minecraft:cooked_mutton":8,"born_in_chaos_v1:monster_skin":1,"born_in_chaos_v1:marigolds":2,"minecraft:leather_boots":2,"minecraft:red_carpet":5,"minecraft:bone":114,"minecraft:stone_bricks":5,"minecraft:bow":3,"minecraft:wheat_seeds":49,"minecraft:iron_ingot":2,"born_in_chaos_v1:smoked_flesh":3,"tombstone:bag_of_seeds":4,"minecraft:mossy_stone_bricks":20,"minecraft:oak_planks":4,"minecraft:iron_sword":2,"minecraft:mossy_stone_brick_stairs":2,"aquaculture:atlantic_herring":1,"minecraft:cooked_porkchop":2,"minecraft:chiseled_stone_bricks":1,"royalvariations:royal_bone":1,"minecraft:dandelion":6,"born_in_chaos_v1:orbofthe_summoner":1,"born_in_chaos_v1:ethereal_spirit":12,"minecraft:gravel":2,"minecraft:blast_furnace":2,"minecraft:white_bed":3,"minecraft:dark_oak_log":6,"minecraft:spider_eye":10,"minecraft:mossy_cobblestone":20,"minecraft:bundle":5,"waystones:waystone":1,"minecraft:chainmail_leggings":1,"minecraft:diamond_axe":1,"minecraft:iron_helmet":2,"minecraft:granite":3,"iceandfire:gorgon_head":1,"minecraft:gray_wool":1,"minecraft:chainmail_helmet":2,"minecraft:emerald":2,"tombstone:magic_scroll":3,"minecraft:oak_sapling":4,"minecraft:netherrack":2,"minecraft:bricks":6,"minecraft:coal":209,"iceandfire:raw_silver":4},"minecraft:custom":{"minecraft:interact_with_smithing_table":3,"minecraft:interact_with_anvil":18,"minecraft:mob_kills":255,"minecraft:interact_with_crafting_table":50,"minecraft:open_barrel":37,"minecraft:damage_dealt_resisted":3007,"minecraft:leave_game":12,"minecraft:time_since_death":88205,"minecraft:climb_one_cm":7448,"minecraft:sprint_one_cm":2223060,"minecraft:walk_one_cm":479861,"minecraft:damage_blocked_by_shield":16185,"minecraft:drop":119,"minecraft:damage_dealt_absorbed":53,"minecraft:talked_to_villager":1,"minecraft:play_time":386095,"minecraft:deaths":28,"minecraft:sneak_time":23287,"minecraft:walk_under_water_one_cm":15976,"minecraft:interact_with_brewingstand":2,"minecraft:jump":3805,"minecraft:interact_with_blast_furnace":13,"minecraft:walk_on_water_one_cm":16865,"minecraft:total_world_time":386095,"minecraft:interact_with_furnace":26,"tombstone:raider_killed":1,"minecraft:sleep_in_bed":5,"minecraft:time_since_rest":19307,"minecraft:waystone_activated":1,"minecraft:damage_absorbed":511,"minecraft:damage_taken":14230,"minecraft:damage_dealt":47605,"minecraft:swim_one_cm":61539,"minecraft:fly_one_cm":807983,"minecraft:open_chest":608,"minecraft:crouch_one_cm":61456,"tombstone:undead_killed":168,"minecraft:fall_one_cm":64160,"minecraft:interact_with_smoker":15},"minecraft:broken":{"minecraft:chainmail_helmet":1,"minecraft:shield":1,"minecraft:iron_axe":1,"minecraft:iron_pickaxe":1,"minecraft:wooden_axe":1},"minecraft:used":{"minecraft:shield":320,"minecraft:iron_sword":17,"minecraft:rotten_flesh":3,"minecraft:torch":347,"minecraft:anvil":6,"minecraft:nether_bricks":2,"minecraft:carrot":10,"born_in_chaos_v1:smoked_flesh":11,"minecraft:wooden_axe":39,"minecraft:iron_axe":171,"minecraft:quartz_block":6,"minecraft:bow":47,"minecraft:furnace":3,"tombstone:gift":6,"minecraft:cooked_beef":13,"minecraft:cooked_mutton":10,"minecraft:diamond_boots":2,"minecraft:cobblestone_stairs":1,"minecraft:birch_planks":3,"minecraft:oak_planks":7,"minecraft:stone_pickaxe":9,"minecraft:ender_pearl":5,"minecraft:wooden_pickaxe":11,"minecraft:diamond_axe":180,"minecraft:golden_apple":20,"minecraft:crafting_table":17,"minecraft:blast_furnace":2,"minecraft:white_bed":5,"minecraft:smoker":6,"waystones:waystone":1,"minecraft:diamond_pickaxe":327,"born_in_chaos_v1:monster_flesh":1,"minecraft:bread":75,"minecraft:iron_pickaxe":256,"minecraft:iron_door":1,"born_in_chaos_v1:smoked_monster_flesh":6,"minecraft:stone_axe":58,"minecraft:diamond_sword":332,"minecraft:cobblestone":134,"minecraft:potion":3,"minecraft:cooked_porkchop":2,"alexsmobs:animal_dictionary":1,"minecraft:experience_bottle":3}},"DataVersion":3465}