{"stats":{"minecraft:custom":{"minecraft:interact_with_smithing_table":3,"minecraft:interact_with_anvil":17,"minecraft:mob_kills":228,"minecraft:interact_with_crafting_table":45,"minecraft:open_barrel":25,"minecraft:damage_dealt_resisted":3007,"minecraft:leave_game":12,"minecraft:time_since_death":58903,"minecraft:climb_one_cm":7448,"minecraft:sprint_one_cm":2051564,"minecraft:walk_one_cm":442654,"minecraft:damage_blocked_by_shield":15375,"minecraft:drop":106,"minecraft:damage_dealt_absorbed":53,"minecraft:talked_to_villager":1,"minecraft:play_time":356793,"minecraft:deaths":28,"minecraft:sneak_time":22092,"minecraft:walk_under_water_one_cm":15976,"minecraft:interact_with_brewingstand":2,"minecraft:jump":3346,"minecraft:interact_with_blast_furnace":13,"minecraft:walk_on_water_one_cm":16865,"minecraft:total_world_time":356793,"minecraft:interact_with_furnace":26,"tombstone:raider_killed":1,"minecraft:sleep_in_bed":4,"minecraft:time_since_rest":9970,"minecraft:waystone_activated":1,"minecraft:damage_taken":13943,"minecraft:damage_absorbed":511,"minecraft:damage_dealt":40508,"minecraft:swim_one_cm":61539,"minecraft:fly_one_cm":722648,"minecraft:open_chest":592,"minecraft:crouch_one_cm":57418,"tombstone:undead_killed":151,"minecraft:interact_with_smoker":11,"minecraft:fall_one_cm":53786},"minecraft:picked_up":{"minecraft:wooden_axe":1,"minecraft:crafting_table":14,"minecraft:wheat":2,"minecraft:brown_mushroom":2,"minecraft:smithing_table":1,"minecraft:chainmail_boots":1,"born_in_chaos_v1:river_mint":4,"minecraft:anvil":5,"born_in_chaos_v1:seedof_chaos":2,"minecraft:lead":2,"minecraft:wooden_pickaxe":1,"minecraft:gold_block":1,"minecraft:stone_brick_stairs":2,"minecraft:chain":3,"minecraft:shield":4,"minecraft:string":23,"minecraft:raw_copper":30,"minecraft:cracked_stone_bricks":8,"minecraft:beef":5,"minecraft:furnace":3,"minecraft:iron_boots":2,"minecraft:egg":1,"minecraft:golden_helmet":1,"minecraft:tipped_arrow":15,"minecraft:stick":7,"minecraft:raw_iron":6,"born_in_chaos_v1:shattered_skull":4,"minecraft:torch":87,"aquaculture:perch":1,"tombstone:grave_dust":25,"born_in_chaos_v1:pieceofdarkmetal":16,"minecraft:carrot":1,"minecraft:golden_chestplate":2,"minecraft:stone_pressure_plate":3,"minecraft:quartz_block":70,"iceandfire:sea_serpent_scales_purple":8,"minecraft:arrow":99,"minecraft:rotten_flesh":91,"minecraft:nether_bricks":5,"minecraft:diamond_boots":1,"minecraft:hay_block":22,"minecraft:iron_block":2,"minecraft:gold_ingot":2,"tombstone:essence_of_undeath":1,"minecraft:glistering_melon_slice":11,"minecraft:brick_stairs":1,"minecraft:mutton":4,"minecraft:iron_bars":60,"minecraft:white_wool":2,"minecraft:cobblestone":140,"born_in_chaos_v1:fused_bone":2,"minecraft:birch_log":1,"born_in_chaos_v1:corpse_maggot":15,"born_in_chaos_v1:staffof_magic_arrows":1,"minecraft:pink_petals":17,"iceandfire:sea_serpent_fang":4,"born_in_chaos_v1:monster_flesh":2,"minecraft:iron_door":1,"born_in_chaos_v1:spiritual_dust":4,"minecraft:leather":7,"minecraft:potato":3,"minecraft:red_mushroom":1,"minecraft:smoker":4,"minecraft:birch_planks":3,"minecraft:oak_log":29,"minecraft:chainmail_chestplate":2,"minecraft:golden_boots":2,"minecraft:cobblestone_stairs":1,"minecraft:gunpowder":10,"minecraft:dirt":16,"born_in_chaos_v1:monster_skin":1,"born_in_chaos_v1:marigolds":2,"minecraft:leather_boots":2,"minecraft:red_carpet":5,"minecraft:bone":93,"minecraft:stone_bricks":5,"minecraft:bow":3,"minecraft:wheat_seeds":49,"born_in_chaos_v1:smoked_flesh":3,"tombstone:bag_of_seeds":4,"minecraft:mossy_stone_bricks":20,"minecraft:iron_sword":2,"minecraft:oak_planks":4,"minecraft:mossy_stone_brick_stairs":2,"aquaculture:atlantic_herring":1,"minecraft:chiseled_stone_bricks":1,"born_in_chaos_v1:orbofthe_summoner":1,"born_in_chaos_v1:ethereal_spirit":8,"minecraft:dandelion":6,"minecraft:gravel":2,"minecraft:blast_furnace":2,"minecraft:white_bed":2,"minecraft:dark_oak_log":6,"minecraft:spider_eye":9,"minecraft:mossy_cobblestone":20,"minecraft:bundle":5,"waystones:waystone":1,"minecraft:chainmail_leggings":1,"minecraft:granite":3,"minecraft:iron_helmet":2,"minecraft:diamond_axe":1,"minecraft:bricks":6,"minecraft:chainmail_helmet":2,"minecraft:emerald":2,"tombstone:magic_scroll":3,"minecraft:oak_sapling":4,"minecraft:netherrack":2,"minecraft:coal":84,"iceandfire:raw_silver":4},"minecraft:used":{"minecraft:shield":306,"minecraft:iron_sword":17,"minecraft:rotten_flesh":3,"minecraft:torch":337,"minecraft:anvil":5,"minecraft:nether_bricks":2,"minecraft:carrot":10,"born_in_chaos_v1:smoked_flesh":11,"minecraft:wooden_axe":39,"minecraft:iron_axe":171,"minecraft:quartz_block":6,"minecraft:bow":46,"minecraft:furnace":3,"tombstone:gift":6,"minecraft:cooked_beef":13,"minecraft:cooked_mutton":6,"minecraft:diamond_boots":2,"minecraft:birch_planks":3,"minecraft:oak_planks":7,"minecraft:stone_pickaxe":9,"minecraft:ender_pearl":5,"minecraft:wooden_pickaxe":11,"minecraft:diamond_axe":100,"minecraft:golden_apple":18,"minecraft:crafting_table":14,"minecraft:blast_furnace":2,"minecraft:white_bed":2,"minecraft:smoker":4,"waystones:waystone":1,"minecraft:diamond_pickaxe":319,"born_in_chaos_v1:monster_flesh":1,"minecraft:bread":75,"minecraft:iron_pickaxe":256,"minecraft:iron_door":1,"born_in_chaos_v1:smoked_monster_flesh":6,"minecraft:stone_axe":58,"minecraft:diamond_sword":332,"minecraft:cobblestone":131,"minecraft:potion":3,"alexsmobs:animal_dictionary":1,"minecraft:experience_bottle":3},"minecraft:killed":{"minecraft:cave_spider":10,"born_in_chaos_v1:restless_spirit":2,"born_in_chaos_v1:skeleton_demoman":1,"minecraft:spider":18,"born_in_chaos_v1:skeleton_thrasher_not_despawn":1,"born_in_chaos_v1:siamese_skeletonsright":1,"born_in_chaos_v1:baby_skeleton_minion":5,"creeperoverhaul:dripstone_creeper":1,"born_in_chaos_v1:scarlet_persecutor":3,"born_in_chaos_v1:maggot":11,"minecraft:skeleton":35,"born_in_chaos_v1:skeleton_thrasher":1,"minecraft:silverfish":13,"born_in_chaos_v1:supreme_bonescaller_stage_2":1,"born_in_chaos_v1:spiritof_chaos":1,"born_in_chaos_v1:fallen_chaos_knight":2,"born_in_chaos_v1:bone_imp_minion":15,"minecraft:zombie_villager":2,"born_in_chaos_v1:baby_skeleton":7,"iceandfire:troll":1,"minecraft:creeper":3,"born_in_chaos_v1:decrepit_skeleton":2,"minecraft:sheep":2,"born_in_chaos_v1:bloody_gadfly":1,"minecraft:zombie":62,"born_in_chaos_v1:dread_hound":1,"born_in_chaos_v1:corpse_fly":3,"born_in_chaos_v1:bonescaller_not_despawn":2,"minecraft:stray":11,"minecraft:wither_skeleton":2,"iceandfire:sea_serpent":1,"born_in_chaos_v1:siamese_skeletonsleft":1,"minecraft:cow":2},"minecraft:crafted":{"minecraft:smooth_stone":3,"minecraft:oak_planks":48,"luckys_armory:heavy_iron_armor_leggings":1,"minecraft:furnace":3,"minecraft:blast_furnace":1,"minecraft:stone":3,"luckys_armory:heavy_iron_armor_boots":1,"born_in_chaos_v1:smoked_monster_flesh":6,"minecraft:diamond_helmet":1,"minecraft:iron_boots":1,"sophisticatedbackpacks:copper_backpack":1,"minecraft:iron_axe":2,"minecraft:stone_pickaxe":1,"minecraft:chest":1,"minecraft:smoker":1,"sophisticatedbackpacks:iron_backpack":2,"minecraft:wheat":198,"minecraft:cooked_beef":5,"sophisticatedbackpacks:backpack":1,"minecraft:crafting_table":1,"minecraft:wooden_pickaxe":1,"minecraft:iron_helmet":1,"minecraft:copper_ingot":22,"sophisticatedbackpacks:gold_backpack":2,"luckys_armory:heavy_iron_armor_chestplate":1,"minecraft:stone_axe":1,"minecraft:bread":68,"minecraft:air":0,"minecraft:iron_chestplate":1,"minecraft:shield":1,"minecraft:stick":36,"born_in_chaos_v1:smoked_flesh":3,"minecraft:iron_ingot":25,"minecraft:wooden_axe":2,"minecraft:iron_block":3,"minecraft:iron_leggings":1,"minecraft:anvil":1,"minecraft:torch":60},"minecraft:mined":{"minecraft:white_bed":2,"iceandfire:silver_ore":2,"minecraft:mossy_cobblestone":14,"minecraft:cobblestone_stairs":1,"minecraft:dark_oak_log":5,"minecraft:nether_bricks":4,"minecraft:brick_stairs":1,"minecraft:chiseled_stone_bricks":1,"minecraft:spawner":154,"minecraft:hay_block":22,"minecraft:furnace":3,"minecraft:iron_ore":6,"minecraft:fire":1,"minecraft:anvil":5,"minecraft:gold_block":1,"minecraft:mossy_stone_brick_stairs":1,"minecraft:vine":73,"minecraft:iron_bars":51,"minecraft:stone":127,"minecraft:iron_block":2,"minecraft:smithing_table":1,"minecraft:quartz_block":70,"minecraft:smoker":4,"minecraft:crafting_table":14,"minecraft:torch":51,"minecraft:blast_furnace":2,"minecraft:copper_ore":8,"minecraft:cobblestone":14,"minecraft:oak_planks":4,"minecraft:bricks":4,"minecraft:wall_torch":6,"minecraft:chain":3,"minecraft:birch_planks":3,"minecraft:stone_brick_stairs":2,"minecraft:grass":5,"minecraft:infested_mossy_stone_bricks":1,"minecraft:coal_ore":28,"minecraft:oak_log":27,"minecraft:cracked_stone_bricks":6,"minecraft:stone_bricks":5,"minecraft:netherrack":1,"minecraft:mossy_stone_bricks":16,"minecraft:oak_leaves":4},"minecraft:broken":{"minecraft:chainmail_helmet":1,"minecraft:shield":1,"minecraft:iron_axe":1,"minecraft:iron_pickaxe":1,"minecraft:wooden_axe":1},"minecraft:dropped":{"minecraft:brown_mushroom":2,"iceandfire:raw_silver":4,"minecraft:wheat_seeds":49,"minecraft:iron_helmet":1,"minecraft:cracked_stone_bricks":1,"born_in_chaos_v1:pieceofdarkmetal":8,"minecraft:cobblestone_stairs":1,"minecraft:red_mushroom":1,"minecraft:emerald":4,"minecraft:dirt":16,"tombstone:bag_of_seeds":1,"minecraft:dark_oak_log":2,"minecraft:wooden_axe":2,"aquaculture:atlantic_herring":1,"minecraft:glistering_melon_slice":11,"minecraft:string":3,"minecraft:pink_petals":12,"minecraft:birch_log":1,"minecraft:dandelion":6,"minecraft:bone":3,"minecraft:bricks":6,"minecraft:iron_nugget":3,"alexsmobs:animal_dictionary":1,"minecraft:raw_copper":8,"minecraft:wheat":4,"minecraft:rotten_flesh":44,"born_in_chaos_v1:smoked_flesh":6,"minecraft:nether_bricks":2,"minecraft:potato":3,"minecraft:tipped_arrow":9,"minecraft:shield":2,"minecraft:brick_stairs":1,"minecraft:bundle":4,"born_in_chaos_v1:corpse_maggot":11,"minecraft:oak_sapling":4,"minecraft:spider_eye":6,"minecraft:iron_bars":23,"minecraft:bow":1,"minecraft:wooden_pickaxe":2,"born_in_chaos_v1:marigolds":2,"minecraft:netherrack":1,"minecraft:egg":1}},"DataVersion":3465}