{"stats":{"minecraft:killed":{"minecraft:witch":1,"born_in_chaos_v1:restless_spirit":1,"born_in_chaos_v1:skeleton_demoman":1,"minecraft:spider":11,"aquaculture:gar":2,"royalvariations:royal_skeleton":1,"born_in_chaos_v1:baby_skeleton_minion":2,"born_in_chaos_v1:maggot":13,"born_in_chaos_v1:scarlet_persecutor":4,"minecraft:skeleton":11,"minecraft:chicken":5,"creeperoverhaul:cave_creeper":1,"minecraft:silverfish":1,"born_in_chaos_v1:corpse_fish":6,"born_in_chaos_v1:spiritof_chaos":1,"born_in_chaos_v1:fallen_chaos_knight":1,"born_in_chaos_v1:bonescaller":1,"minecraft:pig":9,"graveyard:ghoul":2,"minecraft:zombie_villager":1,"born_in_chaos_v1:baby_skeleton":1,"minecraft:bat":1,"minecraft:creeper":3,"born_in_chaos_v1:decrepit_skeleton":4,"minecraft:sheep":4,"born_in_chaos_v1:bloody_gadfly":1,"aquaculture:minnow":2,"minecraft:zombie":37,"iceandfire:ghost":4,"alexsmobs:terrapin":1,"born_in_chaos_v1:corpse_fly":3,"minecraft:stray":5,"born_in_chaos_v1:nightmare_stalker":3,"alexsmobs:fly":1,"born_in_chaos_v1:door_knight":1,"minecraft:cow":11},"minecraft:mined":{"minecraft:white_bed":1,"iceandfire:graveyard_soil":8,"iceandfire:silver_ore":1,"minecraft:mossy_cobblestone":1,"born_in_chaos_v1:nightmare_stalker_skull":1,"minecraft:brewing_stand":2,"minecraft:obsidian":19,"minecraft:nether_bricks":5,"minecraft:acacia_log":11,"minecraft:grass_block":3,"born_in_chaos_v1:black_argillite":2,"minecraft:chiseled_stone_bricks":1,"minecraft:spawner":21,"minecraft:tall_seagrass":1,"minecraft:furnace":7,"minecraft:mossy_cobblestone_stairs":1,"minecraft:iron_ore":79,"minecraft:fire":5,"iceandfire:crackled_grass":1,"minecraft:andesite":11,"minecraft:bookshelf":2,"minecraft:vine":3,"minecraft:iron_bars":8,"minecraft:stone":141,"minecraft:spruce_door":1,"minecraft:crafting_table":10,"minecraft:torch":4,"minecraft:polished_andesite_stairs":39,"minecraft:nether_brick_slab":1,"minecraft:stone_slab":1,"minecraft:copper_ore":7,"minecraft:tall_grass":5,"minecraft:cobblestone":40,"minecraft:lapis_ore":1,"minecraft:oak_planks":11,"minecraft:wall_torch":4,"minecraft:black_stained_glass":10,"minecraft:coarse_dirt":1,"minecraft:coal_ore":77,"minecraft:birch_leaves":3,"minecraft:stone_brick_stairs":1,"minecraft:grass":23,"minecraft:oak_log":29,"minecraft:gravel":19,"minecraft:dirt":20,"minecraft:cracked_stone_bricks":4,"minecraft:acacia_planks":4,"minecraft:stone_bricks":9,"born_in_chaos_v1:infernal_evil_pumpkin_s":1,"minecraft:polished_andesite":16,"minecraft:oak_leaves":12},"minecraft:dropped":{"minecraft:enchanted_book":8,"minecraft:golden_boots":1,"minecraft:soul_sand":1,"minecraft:brown_mushroom":1,"minecraft:baked_potato":3,"minecraft:mossy_cobblestone":1,"minecraft:glass_bottle":2,"minecraft:cobblestone":22,"aquaculture:minnow":2,"minecraft:cracked_stone_bricks":2,"minecraft:stick":2,"minecraft:golden_apple":2,"iceandfire:graveyard_soil":1,"minecraft:polished_andesite":2,"born_in_chaos_v1:monster_flesh":5,"minecraft:dirt":10,"minecraft:gray_wool":2,"born_in_chaos_v1:black_argillite":2,"luckys_armory:heavy_iron_armor_leggings":1,"minecraft:wooden_axe":1,"minecraft:diamond_helmet":1,"minecraft:gold_nugget":10,"iceandfire:crackled_grass":1,"minecraft:mossy_cobblestone_stairs":2,"minecraft:bone":9,"minecraft:gravel":12,"minecraft:nether_brick_slab":1,"minecraft:compass":1,"minecraft:stone_sword":1,"minecraft:raw_copper":7,"born_in_chaos_v1:rotten_fish":2,"minecraft:rotten_flesh":53,"minecraft:light_gray_wool":2,"minecraft:oak_planks":8,"minecraft:iron_boots":1,"minecraft:carrot":4,"minecraft:chainmail_chestplate":1,"minecraft:chiseled_stone_bricks":1,"minecraft:potato":2,"minecraft:shield":1,"minecraft:andesite":10,"born_in_chaos_v1:corpse_maggot":6,"minecraft:chainmail_boots":2,"minecraft:leather_leggings":1,"minecraft:spider_eye":4,"minecraft:stone_bricks":2,"minecraft:iron_bars":10,"minecraft:stone_brick_stairs":1},"minecraft:crafted":{"minecraft:golden_carrot":3,"minecraft:grindstone":1,"minecraft:oak_planks":100,"luckys_armory:heavy_iron_armor_leggings":1,"minecraft:cooked_chicken":4,"minecraft:furnace":3,"luckys_armory:heavy_iron_armor_boots":1,"minecraft:flint_and_steel":1,"minecraft:cooked_mutton":9,"graveyard:bone_dagger":1,"minecraft:iron_boots":1,"minecraft:stone_pickaxe":1,"minecraft:chest":5,"luckys_armory:heavy_diamond_armor_leggings":1,"sophisticatedbackpacks:iron_backpack":1,"minecraft:cooked_beef":23,"minecraft:cooked_cod":1,"sophisticatedbackpacks:backpack":3,"minecraft:cooked_porkchop":21,"minecraft:crafting_table":7,"minecraft:wooden_pickaxe":1,"minecraft:baked_potato":1,"spartanshields:stone_basic_shield":1,"sophisticatedbackpacks:gold_backpack":1,"minecraft:bucket":1,"minecraft:stone_axe":1,"minecraft:air":0,"luckys_armory:heavy_iron_armor_helmet":1,"minecraft:white_wool":4,"minecraft:golden_apple":5,"minecraft:gold_nugget":27,"minecraft:shield":1,"minecraft:stone_slab":6,"minecraft:stick":72,"minecraft:iron_ingot":13,"minecraft:wooden_axe":2,"minecraft:stone_sword":1,"minecraft:iron_leggings":1,"minecraft:gold_ingot":10,"spartanshields:wooden_basic_shield":1,"aquaculture:iron_fishing_rod":1,"minecraft:white_bed":2,"minecraft:acacia_planks":44,"minecraft:torch":196},"minecraft:picked_up":{"iceandfire:dragon_skull_lightning":1,"minecraft:iron_chestplate":1,"minecraft:crafting_table":10,"minecraft:chainmail_boots":2,"minecraft:chicken":5,"born_in_chaos_v1:seedof_chaos":2,"minecraft:leather_leggings":1,"minecraft:brown_mushroom":1,"minecraft:stone_slab":1,"minecraft:wither_rose":1,"minecraft:enchanted_book":2,"minecraft:stone_brick_stairs":1,"minecraft:brewing_stand":2,"born_in_chaos_v1:black_argillite":2,"minecraft:string":10,"minecraft:raw_copper":51,"iceandfire:graveyard_soil":1,"minecraft:cracked_stone_bricks":2,"minecraft:gold_nugget":4,"minecraft:beef":24,"minecraft:light_gray_wool":2,"minecraft:iron_boots":1,"minecraft:birch_sapling":1,"minecraft:furnace":7,"minecraft:egg":3,"minecraft:tipped_arrow":2,"minecraft:raw_iron":140,"minecraft:stick":3,"iceandfire:dragonbone":4,"minecraft:stone":4,"born_in_chaos_v1:shattered_skull":1,"minecraft:torch":16,"minecraft:acacia_log":11,"minecraft:porkchop":23,"tombstone:grave_dust":6,"born_in_chaos_v1:pieceofdarkmetal":6,"born_in_chaos_v1:nightmare_claw":3,"minecraft:carrot":3,"minecraft:arrow":24,"minecraft:rotten_flesh":58,"minecraft:diamond_chestplate":1,"iceandfire:crackled_grass":1,"alexsmobs:emu_egg":1,"minecraft:obsidian":19,"minecraft:mutton":9,"minecraft:skeleton_skull":2,"minecraft:iron_bars":16,"minecraft:cod":1,"minecraft:white_wool":2,"minecraft:cobblestone":188,"born_in_chaos_v1:staffof_magic_arrows":1,"born_in_chaos_v1:corpse_maggot":7,"minecraft:feather":7,"minecraft:cooked_beef":1,"born_in_chaos_v1:monster_flesh":7,"born_in_chaos_v1:spiritual_dust":2,"minecraft:andesite":11,"minecraft:leather":21,"minecraft:potato":3,"minecraft:flint":1,"minecraft:oak_log":29,"minecraft:gunpowder":8,"minecraft:lapis_lazuli":8,"minecraft:dirt":12,"born_in_chaos_v1:nightmare_stalker_skull":2,"minecraft:bone":34,"minecraft:acacia_planks":4,"minecraft:stone_bricks":5,"minecraft:bow":2,"minecraft:iron_ingot":3,"aquaculture:minnow":2,"minecraft:diamond_helmet":2,"minecraft:oak_planks":21,"minecraft:acacia_sapling":3,"minecraft:soul_sand":1,"minecraft:polished_andesite_stairs":39,"aquaculture:gar":2,"minecraft:chiseled_stone_bricks":1,"born_in_chaos_v1:ethereal_spirit":8,"minecraft:gravel":17,"minecraft:white_bed":1,"minecraft:nether_brick_slab":1,"minecraft:spider_eye":4,"minecraft:spruce_door":1,"minecraft:mossy_cobblestone":1,"minecraft:bundle":1,"minecraft:polished_andesite":16,"minecraft:diamond":1,"minecraft:gray_wool":2,"minecraft:mossy_cobblestone_stairs":2,"tombstone:magic_scroll":2,"born_in_chaos_v1:rotten_fish":4,"minecraft:coal":155,"iceandfire:raw_silver":1},"minecraft:custom":{"minecraft:mob_kills":170,"minecraft:animals_bred":1,"tombstone:use_vanishing":1,"minecraft:interact_with_crafting_table":51,"minecraft:damage_dealt_resisted":1676,"minecraft:leave_game":2,"minecraft:time_since_death":217791,"minecraft:damage_resisted":84,"minecraft:climb_one_cm":3935,"minecraft:sprint_one_cm":671901,"minecraft:walk_one_cm":432765,"minecraft:damage_blocked_by_shield":7165,"minecraft:drop":96,"minecraft:play_time":264540,"minecraft:sneak_time":15318,"minecraft:deaths":2,"minecraft:walk_under_water_one_cm":21671,"minecraft:jump":2396,"minecraft:walk_on_water_one_cm":38592,"minecraft:total_world_time":264540,"minecraft:interact_with_furnace":53,"tombstone:raider_killed":1,"minecraft:interact_with_grindstone":2,"minecraft:sleep_in_bed":4,"minecraft:time_since_rest":93999,"minecraft:damage_absorbed":641,"minecraft:damage_taken":3139,"minecraft:trigger_trapped_chest":4,"minecraft:damage_dealt":24056,"minecraft:crouch_one_cm":29886,"minecraft:swim_one_cm":35817,"minecraft:fly_one_cm":389186,"minecraft:open_chest":131,"tombstone:undead_killed":72,"minecraft:fall_one_cm":53886},"minecraft:broken":{"minecraft:shield":1,"minecraft:iron_sword":1,"minecraft:wooden_axe":1},"minecraft:used":{"minecraft:stone_sword":9,"minecraft:flint_and_steel":30,"minecraft:chest":2,"minecraft:shield":94,"minecraft:iron_sword":423,"minecraft:rotten_flesh":1,"luckys_armory:heavy_diamond_armor_leggings":1,"minecraft:torch":166,"minecraft:dirt":2,"minecraft:obsidian":8,"minecraft:wooden_axe":64,"born_in_chaos_v1:corpse_maggot":1,"minecraft:lava_bucket":1,"aquaculture:iron_fishing_rod":1,"minecraft:polished_andesite_stairs":17,"minecraft:stone_bricks":3,"born_in_chaos_v1:nightmare_stalker_skull":2,"minecraft:golden_carrot":1,"minecraft:bow":35,"minecraft:furnace":8,"minecraft:cooked_cod":1,"tombstone:gift":5,"minecraft:cooked_beef":6,"minecraft:acacia_planks":36,"minecraft:cooked_mutton":5,"minecraft:water_bucket":10,"minecraft:spruce_door":1,"minecraft:baked_potato":1,"minecraft:oak_planks":76,"minecraft:stone_pickaxe":81,"minecraft:polished_andesite":4,"minecraft:wooden_pickaxe":6,"minecraft:golden_apple":12,"minecraft:crafting_table":16,"minecraft:white_bed":3,"minecraft:diamond_shovel":23,"minecraft:diamond_pickaxe":417,"spartanshields:stone_basic_shield":4,"born_in_chaos_v1:monster_flesh":2,"minecraft:chicken":1,"minecraft:iron_pickaxe":3,"minecraft:stone_axe":62,"minecraft:gravel":5,"minecraft:stone_slab":2,"aquaculture:gar":2,"minecraft:potion":2,"minecraft:cobblestone":112,"minecraft:porkchop":1,"minecraft:grindstone":1,"minecraft:cooked_porkchop":13,"minecraft:bucket":13}},"DataVersion":3465}