{"stats":{"minecraft:killed":{"born_in_chaos_v1:zombie_clown":1,"minecraft:witch":1,"born_in_chaos_v1:restless_spirit":2,"born_in_chaos_v1:skeleton_demoman":3,"minecraft:spider":12,"aquaculture:gar":2,"royalvariations:royal_skeleton":1,"born_in_chaos_v1:siamese_skeletonsright":1,"born_in_chaos_v1:baby_skeleton_minion":4,"born_in_chaos_v1:scarlet_persecutor":4,"minecraft:skeleton":12,"minecraft:chicken":5,"minecraft:silverfish":1,"creeperoverhaul:cave_creeper":1,"born_in_chaos_v1:bonescaller":1,"minecraft:pig":9,"minecraft:zombie_villager":1,"minecraft:creeper":3,"minecraft:sheep":4,"aquaculture:minnow":2,"minecraft:zombie":48,"alexsmobs:terrapin":1,"born_in_chaos_v1:corpse_fly":4,"minecraft:stray":5,"alexsmobs:fly":1,"minecraft:glow_squid":2,"born_in_chaos_v1:door_knight":1,"born_in_chaos_v1:siamese_skeletonsleft":1,"minecraft:cow":11,"born_in_chaos_v1:maggot":21,"born_in_chaos_v1:corpse_fish":6,"born_in_chaos_v1:spiritof_chaos":1,"born_in_chaos_v1:fallen_chaos_knight":2,"graveyard:ghoul":2,"born_in_chaos_v1:baby_skeleton":2,"minecraft:bat":1,"born_in_chaos_v1:decrepit_skeleton":8,"royalvariations:royal_zombie":1,"born_in_chaos_v1:bloody_gadfly":1,"iceandfire:ghost":4,"born_in_chaos_v1:nightmare_stalker":3},"minecraft:mined":{"minecraft:white_bed":1,"iceandfire:graveyard_soil":8,"minecraft:brewing_stand":2,"minecraft:obsidian":19,"minecraft:acacia_log":25,"minecraft:grass_block":8,"minecraft:chiseled_stone_bricks":1,"minecraft:spawner":21,"minecraft:tall_seagrass":1,"minecraft:mossy_cobblestone_stairs":1,"minecraft:iron_ore":79,"minecraft:fire":5,"minecraft:iron_bars":8,"minecraft:torch":4,"minecraft:polished_andesite_stairs":39,"minecraft:nether_brick_slab":1,"minecraft:cobblestone":43,"minecraft:oak_planks":11,"minecraft:wall_torch":4,"minecraft:stone_brick_stairs":1,"minecraft:grass":32,"minecraft:oak_log":29,"minecraft:dirt":35,"born_in_chaos_v1:infernal_evil_pumpkin_s":1,"minecraft:oak_leaves":12,"iceandfire:silver_ore":1,"minecraft:mossy_cobblestone":1,"born_in_chaos_v1:nightmare_stalker_skull":1,"minecraft:nether_bricks":5,"born_in_chaos_v1:black_argillite":2,"minecraft:furnace":11,"iceandfire:crackled_grass":1,"minecraft:andesite":11,"minecraft:bookshelf":2,"minecraft:vine":3,"minecraft:stone":180,"minecraft:acacia_leaves":1,"minecraft:spruce_door":1,"minecraft:crafting_table":12,"minecraft:stone_slab":1,"minecraft:tall_grass":10,"minecraft:copper_ore":7,"minecraft:lapis_ore":1,"minecraft:black_stained_glass":10,"minecraft:coarse_dirt":1,"minecraft:birch_leaves":3,"iceandfire:ash":1,"minecraft:coal_ore":77,"minecraft:gravel":19,"minecraft:cracked_stone_bricks":4,"minecraft:acacia_planks":4,"minecraft:polished_andesite":16,"minecraft:stone_bricks":9,"minecraft:chipped_anvil":1},"minecraft:dropped":{"minecraft:soul_sand":1,"minecraft:brown_mushroom":1,"minecraft:baked_potato":3,"minecraft:glass_bottle":2,"aquaculture:minnow":2,"minecraft:cracked_stone_bricks":2,"iceandfire:graveyard_soil":1,"born_in_chaos_v1:monster_flesh":5,"minecraft:dirt":10,"luckys_armory:heavy_iron_armor_leggings":1,"minecraft:gold_nugget":10,"iceandfire:ash":1,"minecraft:bone":9,"minecraft:gravel":12,"minecraft:compass":1,"minecraft:rotten_flesh":53,"minecraft:oak_planks":8,"minecraft:carrot":4,"minecraft:chainmail_chestplate":1,"minecraft:chiseled_stone_bricks":1,"born_in_chaos_v1:corpse_maggot":10,"minecraft:chainmail_boots":2,"minecraft:leather_leggings":1,"minecraft:iron_bars":10,"minecraft:stone_brick_stairs":1,"minecraft:enchanted_book":8,"minecraft:golden_boots":1,"minecraft:mossy_cobblestone":1,"minecraft:cobblestone":22,"minecraft:golden_apple":2,"minecraft:polished_andesite":2,"minecraft:stick":2,"minecraft:gray_wool":2,"born_in_chaos_v1:black_argillite":2,"minecraft:wooden_axe":1,"minecraft:diamond_helmet":1,"iceandfire:crackled_grass":1,"minecraft:mossy_cobblestone_stairs":2,"minecraft:nether_brick_slab":1,"minecraft:stone_sword":1,"minecraft:raw_copper":7,"born_in_chaos_v1:rotten_fish":2,"minecraft:light_gray_wool":2,"minecraft:iron_boots":1,"minecraft:potato":2,"minecraft:shield":1,"minecraft:andesite":11,"minecraft:stone_bricks":2,"minecraft:spider_eye":4},"minecraft:crafted":{"minecraft:grindstone":1,"minecraft:oak_planks":100,"minecraft:cooked_chicken":4,"luckys_armory:heavy_iron_armor_boots":1,"minecraft:cooked_mutton":9,"graveyard:bone_dagger":1,"minecraft:iron_boots":1,"minecraft:chest":5,"luckys_armory:heavy_diamond_armor_leggings":1,"sophisticatedbackpacks:backpack":3,"minecraft:cooked_porkchop":21,"minecraft:crafting_table":7,"minecraft:wooden_pickaxe":1,"minecraft:baked_potato":1,"luckys_armory:heavy_iron_armor_chestplate":1,"luckys_armory:heavy_iron_armor_helmet":1,"minecraft:iron_chestplate":1,"minecraft:shield":1,"minecraft:stick":72,"minecraft:stone_slab":6,"minecraft:iron_ingot":143,"minecraft:stone_sword":1,"minecraft:iron_block":3,"minecraft:gold_ingot":10,"spartanshields:wooden_basic_shield":1,"aquaculture:iron_fishing_rod":1,"minecraft:golden_carrot":3,"luckys_armory:heavy_iron_armor_leggings":1,"minecraft:furnace":5,"minecraft:flint_and_steel":1,"minecraft:stone_pickaxe":1,"sophisticatedbackpacks:iron_backpack":3,"minecraft:cooked_beef":23,"minecraft:cooked_cod":1,"spartanshields:stone_basic_shield":1,"sophisticatedbackpacks:gold_backpack":3,"minecraft:bucket":1,"minecraft:stone_axe":1,"minecraft:acacia_boat":3,"minecraft:air":0,"minecraft:white_wool":4,"minecraft:golden_apple":5,"minecraft:gold_nugget":27,"minecraft:wooden_axe":2,"minecraft:iron_leggings":1,"minecraft:anvil":1,"minecraft:white_bed":2,"minecraft:acacia_planks":100,"minecraft:torch":196},"minecraft:picked_up":{"minecraft:iron_chestplate":1,"minecraft:chainmail_boots":2,"minecraft:stone_slab":1,"minecraft:wither_rose":1,"minecraft:enchanted_book":2,"minecraft:stone_brick_stairs":1,"minecraft:brewing_stand":2,"born_in_chaos_v1:black_argillite":2,"minecraft:string":12,"minecraft:raw_copper":51,"minecraft:gold_nugget":4,"born_in_chaos_v1:stimulating_decoction":1,"minecraft:furnace":11,"minecraft:iron_boots":1,"minecraft:tipped_arrow":2,"minecraft:stick":3,"born_in_chaos_v1:shattered_skull":2,"minecraft:torch":16,"minecraft:acacia_log":25,"minecraft:porkchop":23,"tombstone:grave_dust":7,"born_in_chaos_v1:nightmare_claw":3,"minecraft:rotten_flesh":84,"iceandfire:crackled_grass":1,"alexsmobs:emu_egg":2,"minecraft:obsidian":19,"minecraft:iron_bars":16,"minecraft:cod":1,"minecraft:cobblestone":228,"born_in_chaos_v1:staffof_magic_arrows":1,"minecraft:feather":7,"minecraft:cooked_beef":1,"born_in_chaos_v1:spiritual_dust":3,"minecraft:andesite":11,"minecraft:potato":3,"minecraft:flint":1,"minecraft:acacia_boat":1,"minecraft:lapis_lazuli":8,"minecraft:dirt":32,"born_in_chaos_v1:nightmare_stalker_skull":2,"minecraft:bone":44,"minecraft:chipped_anvil":1,"minecraft:acacia_planks":4,"minecraft:bow":2,"minecraft:wheat_seeds":3,"minecraft:diamond_helmet":2,"minecraft:oak_planks":21,"aquaculture:gar":2,"minecraft:mossy_cobblestone":1,"minecraft:bundle":1,"minecraft:polished_andesite":16,"minecraft:diamond":1,"born_in_chaos_v1:rotten_fish":4,"iceandfire:raw_silver":1,"iceandfire:dragon_skull_lightning":1,"minecraft:crafting_table":12,"minecraft:chicken":5,"minecraft:leather_leggings":1,"born_in_chaos_v1:seedof_chaos":2,"minecraft:brown_mushroom":1,"born_in_chaos_v1:intoxicating_decoction":1,"iceandfire:graveyard_soil":1,"minecraft:cracked_stone_bricks":2,"aquaculture:bluegill":1,"minecraft:beef":24,"minecraft:light_gray_wool":2,"minecraft:birch_sapling":1,"minecraft:egg":3,"minecraft:raw_iron":140,"iceandfire:dragonbone":4,"minecraft:stone":4,"born_in_chaos_v1:pieceofdarkmetal":10,"minecraft:carrot":5,"minecraft:diamond_chestplate":1,"minecraft:arrow":26,"aquaculture:carp":1,"minecraft:gold_ingot":2,"minecraft:mutton":9,"minecraft:skeleton_skull":2,"minecraft:white_wool":2,"born_in_chaos_v1:fused_bone":2,"born_in_chaos_v1:corpse_maggot":11,"born_in_chaos_v1:monster_flesh":7,"minecraft:glow_ink_sac":5,"minecraft:leather":21,"minecraft:oak_log":29,"minecraft:gunpowder":10,"minecraft:stone_bricks":5,"minecraft:iron_ingot":3,"aquaculture:minnow":2,"minecraft:soul_sand":1,"minecraft:iron_sword":1,"minecraft:acacia_sapling":4,"minecraft:polished_andesite_stairs":39,"minecraft:chiseled_stone_bricks":1,"iceandfire:ash":1,"born_in_chaos_v1:ethereal_spirit":9,"minecraft:gravel":17,"minecraft:white_bed":1,"minecraft:nether_brick_slab":1,"minecraft:spruce_door":1,"minecraft:spider_eye":5,"minecraft:mossy_cobblestone_stairs":2,"minecraft:gray_wool":2,"tombstone:magic_scroll":5,"minecraft:coal":201},"minecraft:custom":{"minecraft:animals_bred":1,"minecraft:interact_with_crafting_table":63,"minecraft:leave_game":3,"minecraft:time_since_death":244925,"minecraft:damage_resisted":84,"minecraft:sprint_one_cm":740225,"minecraft:damage_blocked_by_shield":7345,"minecraft:drop":101,"minecraft:play_time":291674,"minecraft:deaths":2,"minecraft:jump":2860,"minecraft:walk_on_water_one_cm":42447,"minecraft:interact_with_furnace":86,"minecraft:sleep_in_bed":4,"minecraft:damage_dealt":30663,"minecraft:crouch_one_cm":30648,"tombstone:undead_killed":98,"minecraft:mob_kills":209,"minecraft:interact_with_anvil":5,"tombstone:use_vanishing":1,"minecraft:damage_dealt_resisted":2078,"minecraft:climb_one_cm":3935,"minecraft:walk_one_cm":465990,"minecraft:sneak_time":16629,"minecraft:walk_under_water_one_cm":31394,"minecraft:total_world_time":291674,"tombstone:raider_killed":1,"minecraft:interact_with_grindstone":2,"minecraft:time_since_rest":121133,"minecraft:damage_taken":3368,"minecraft:damage_absorbed":676,"minecraft:trigger_trapped_chest":4,"minecraft:swim_one_cm":55888,"minecraft:fly_one_cm":498328,"minecraft:open_chest":131,"minecraft:fish_caught":2,"minecraft:fall_one_cm":63433},"minecraft:broken":{"minecraft:iron_sword":1,"minecraft:wooden_axe":1,"minecraft:shield":1},"minecraft:used":{"minecraft:chest":2,"minecraft:shield":94,"minecraft:iron_sword":513,"minecraft:rotten_flesh":1,"luckys_armory:heavy_diamond_armor_leggings":1,"minecraft:obsidian":8,"born_in_chaos_v1:corpse_maggot":1,"minecraft:lava_bucket":1,"minecraft:polished_andesite_stairs":17,"minecraft:stone_bricks":3,"born_in_chaos_v1:nightmare_stalker_skull":2,"minecraft:bow":35,"minecraft:furnace":12,"minecraft:cooked_cod":1,"minecraft:spruce_door":1,"minecraft:stone_pickaxe":81,"minecraft:oak_planks":76,"minecraft:wooden_pickaxe":6,"minecraft:golden_apple":13,"born_in_chaos_v1:monster_flesh":2,"spartanshields:stone_basic_shield":11,"minecraft:gravel":5,"aquaculture:gar":2,"minecraft:grindstone":1,"minecraft:stone_sword":9,"minecraft:flint_and_steel":30,"minecraft:torch":174,"minecraft:dirt":2,"minecraft:anvil":1,"minecraft:wooden_axe":64,"aquaculture:iron_fishing_rod":3,"minecraft:golden_carrot":1,"tombstone:gift":5,"minecraft:cooked_beef":10,"minecraft:acacia_planks":36,"minecraft:cooked_mutton":5,"minecraft:acacia_boat":1,"minecraft:water_bucket":12,"minecraft:polished_andesite":4,"minecraft:baked_potato":1,"minecraft:crafting_table":18,"minecraft:white_bed":3,"minecraft:diamond_pickaxe":464,"minecraft:diamond_shovel":39,"minecraft:chicken":1,"minecraft:iron_pickaxe":3,"minecraft:stone_slab":2,"minecraft:stone_axe":80,"minecraft:cobblestone":131,"minecraft:potion":2,"minecraft:cooked_porkchop":13,"minecraft:porkchop":1,"minecraft:bucket":15}},"DataVersion":3465}