{"stats":{"minecraft:killed":{"born_in_chaos_v1:zombie_clown":1,"minecraft:witch":1,"born_in_chaos_v1:restless_spirit":2,"born_in_chaos_v1:skeleton_demoman":3,"minecraft:spider":12,"aquaculture:gar":2,"royalvariations:royal_skeleton":1,"born_in_chaos_v1:siamese_skeletonsright":1,"born_in_chaos_v1:baby_skeleton_minion":4,"born_in_chaos_v1:maggot":21,"born_in_chaos_v1:scarlet_persecutor":4,"minecraft:skeleton":12,"minecraft:chicken":5,"creeperoverhaul:cave_creeper":1,"minecraft:silverfish":1,"born_in_chaos_v1:corpse_fish":6,"born_in_chaos_v1:spiritof_chaos":1,"born_in_chaos_v1:fallen_chaos_knight":2,"born_in_chaos_v1:bonescaller":1,"minecraft:pig":9,"graveyard:ghoul":2,"minecraft:zombie_villager":1,"born_in_chaos_v1:baby_skeleton":2,"minecraft:bat":1,"minecraft:creeper":3,"born_in_chaos_v1:decrepit_skeleton":8,"minecraft:sheep":4,"royalvariations:royal_zombie":1,"born_in_chaos_v1:bloody_gadfly":1,"aquaculture:minnow":2,"minecraft:zombie":48,"iceandfire:ghost":4,"alexsmobs:terrapin":1,"born_in_chaos_v1:corpse_fly":4,"minecraft:stray":5,"born_in_chaos_v1:nightmare_stalker":3,"alexsmobs:fly":1,"minecraft:glow_squid":2,"born_in_chaos_v1:door_knight":1,"born_in_chaos_v1:siamese_skeletonsleft":1,"minecraft:cow":11},"minecraft:mined":{"minecraft:white_bed":1,"iceandfire:graveyard_soil":8,"iceandfire:silver_ore":1,"minecraft:mossy_cobblestone":1,"born_in_chaos_v1:nightmare_stalker_skull":1,"minecraft:brewing_stand":2,"minecraft:obsidian":19,"minecraft:nether_bricks":5,"minecraft:acacia_log":11,"minecraft:grass_block":7,"born_in_chaos_v1:black_argillite":2,"minecraft:chiseled_stone_bricks":1,"minecraft:spawner":21,"minecraft:tall_seagrass":1,"minecraft:furnace":7,"minecraft:mossy_cobblestone_stairs":1,"minecraft:iron_ore":79,"minecraft:fire":5,"iceandfire:crackled_grass":1,"minecraft:andesite":11,"minecraft:bookshelf":2,"minecraft:vine":3,"minecraft:iron_bars":8,"minecraft:stone":164,"minecraft:spruce_door":1,"minecraft:crafting_table":10,"minecraft:torch":4,"minecraft:polished_andesite_stairs":39,"minecraft:nether_brick_slab":1,"minecraft:stone_slab":1,"minecraft:copper_ore":7,"minecraft:tall_grass":9,"minecraft:cobblestone":43,"minecraft:lapis_ore":1,"minecraft:oak_planks":11,"minecraft:wall_torch":4,"minecraft:black_stained_glass":10,"minecraft:coarse_dirt":1,"iceandfire:ash":1,"minecraft:coal_ore":77,"minecraft:birch_leaves":3,"minecraft:stone_brick_stairs":1,"minecraft:grass":32,"minecraft:oak_log":29,"minecraft:gravel":19,"minecraft:dirt":31,"minecraft:cracked_stone_bricks":4,"minecraft:acacia_planks":4,"minecraft:stone_bricks":9,"born_in_chaos_v1:infernal_evil_pumpkin_s":1,"minecraft:polished_andesite":16,"minecraft:oak_leaves":12},"minecraft:dropped":{"minecraft:enchanted_book":8,"minecraft:golden_boots":1,"minecraft:soul_sand":1,"minecraft:brown_mushroom":1,"minecraft:baked_potato":3,"minecraft:mossy_cobblestone":1,"minecraft:glass_bottle":2,"minecraft:cobblestone":22,"aquaculture:minnow":2,"minecraft:cracked_stone_bricks":2,"minecraft:stick":2,"minecraft:golden_apple":2,"iceandfire:graveyard_soil":1,"minecraft:polished_andesite":2,"born_in_chaos_v1:monster_flesh":5,"minecraft:dirt":10,"minecraft:gray_wool":2,"born_in_chaos_v1:black_argillite":2,"luckys_armory:heavy_iron_armor_leggings":1,"minecraft:wooden_axe":1,"minecraft:diamond_helmet":1,"iceandfire:ash":1,"minecraft:gold_nugget":10,"iceandfire:crackled_grass":1,"minecraft:mossy_cobblestone_stairs":2,"minecraft:bone":9,"minecraft:gravel":12,"minecraft:nether_brick_slab":1,"minecraft:compass":1,"minecraft:stone_sword":1,"minecraft:raw_copper":7,"born_in_chaos_v1:rotten_fish":2,"minecraft:rotten_flesh":53,"minecraft:light_gray_wool":2,"minecraft:oak_planks":8,"minecraft:iron_boots":1,"minecraft:carrot":4,"minecraft:chainmail_chestplate":1,"minecraft:chiseled_stone_bricks":1,"minecraft:potato":2,"minecraft:shield":1,"minecraft:andesite":11,"born_in_chaos_v1:corpse_maggot":10,"minecraft:chainmail_boots":2,"minecraft:leather_leggings":1,"minecraft:spider_eye":4,"minecraft:stone_bricks":2,"minecraft:iron_bars":10,"minecraft:stone_brick_stairs":1},"minecraft:crafted":{"minecraft:golden_carrot":3,"minecraft:grindstone":1,"minecraft:oak_planks":100,"luckys_armory:heavy_iron_armor_leggings":1,"minecraft:cooked_chicken":4,"minecraft:furnace":5,"luckys_armory:heavy_iron_armor_boots":1,"minecraft:flint_and_steel":1,"minecraft:cooked_mutton":9,"graveyard:bone_dagger":1,"minecraft:iron_boots":1,"minecraft:stone_pickaxe":1,"minecraft:chest":5,"luckys_armory:heavy_diamond_armor_leggings":1,"sophisticatedbackpacks:iron_backpack":1,"minecraft:cooked_beef":23,"minecraft:cooked_cod":1,"sophisticatedbackpacks:backpack":3,"minecraft:cooked_porkchop":21,"minecraft:crafting_table":7,"minecraft:wooden_pickaxe":1,"minecraft:baked_potato":1,"spartanshields:stone_basic_shield":1,"sophisticatedbackpacks:gold_backpack":1,"minecraft:bucket":1,"minecraft:stone_axe":1,"minecraft:air":0,"luckys_armory:heavy_iron_armor_helmet":1,"minecraft:white_wool":4,"minecraft:golden_apple":5,"minecraft:gold_nugget":27,"minecraft:shield":1,"minecraft:stone_slab":6,"minecraft:stick":72,"minecraft:iron_ingot":27,"minecraft:wooden_axe":2,"minecraft:stone_sword":1,"minecraft:iron_leggings":1,"minecraft:gold_ingot":10,"spartanshields:wooden_basic_shield":1,"aquaculture:iron_fishing_rod":1,"minecraft:white_bed":2,"minecraft:acacia_planks":44,"minecraft:torch":196},"minecraft:picked_up":{"iceandfire:dragon_skull_lightning":1,"minecraft:iron_chestplate":1,"minecraft:crafting_table":10,"minecraft:chainmail_boots":2,"minecraft:chicken":5,"born_in_chaos_v1:seedof_chaos":2,"minecraft:leather_leggings":1,"minecraft:brown_mushroom":1,"minecraft:stone_slab":1,"minecraft:wither_rose":1,"minecraft:enchanted_book":2,"minecraft:stone_brick_stairs":1,"minecraft:brewing_stand":2,"born_in_chaos_v1:black_argillite":2,"minecraft:string":12,"minecraft:raw_copper":51,"born_in_chaos_v1:intoxicating_decoction":1,"iceandfire:graveyard_soil":1,"minecraft:cracked_stone_bricks":2,"minecraft:gold_nugget":4,"minecraft:beef":24,"born_in_chaos_v1:stimulating_decoction":1,"minecraft:light_gray_wool":2,"minecraft:iron_boots":1,"minecraft:birch_sapling":1,"minecraft:furnace":7,"minecraft:egg":3,"minecraft:tipped_arrow":2,"minecraft:raw_iron":140,"minecraft:stick":3,"iceandfire:dragonbone":4,"minecraft:stone":4,"born_in_chaos_v1:shattered_skull":2,"minecraft:torch":16,"minecraft:acacia_log":11,"minecraft:porkchop":23,"tombstone:grave_dust":7,"born_in_chaos_v1:pieceofdarkmetal":10,"born_in_chaos_v1:nightmare_claw":3,"minecraft:carrot":5,"minecraft:arrow":26,"minecraft:rotten_flesh":84,"minecraft:diamond_chestplate":1,"iceandfire:crackled_grass":1,"alexsmobs:emu_egg":2,"minecraft:gold_ingot":2,"minecraft:obsidian":19,"minecraft:mutton":9,"minecraft:skeleton_skull":2,"minecraft:iron_bars":16,"minecraft:cod":1,"minecraft:white_wool":2,"minecraft:cobblestone":214,"born_in_chaos_v1:fused_bone":2,"born_in_chaos_v1:staffof_magic_arrows":1,"born_in_chaos_v1:corpse_maggot":11,"minecraft:feather":7,"minecraft:cooked_beef":1,"minecraft:glow_ink_sac":5,"born_in_chaos_v1:monster_flesh":7,"born_in_chaos_v1:spiritual_dust":3,"minecraft:andesite":11,"minecraft:leather":21,"minecraft:potato":3,"minecraft:flint":1,"minecraft:oak_log":29,"minecraft:gunpowder":10,"minecraft:lapis_lazuli":8,"minecraft:dirt":27,"born_in_chaos_v1:nightmare_stalker_skull":2,"minecraft:bone":44,"minecraft:acacia_planks":4,"minecraft:stone_bricks":5,"minecraft:bow":2,"minecraft:wheat_seeds":2,"minecraft:iron_ingot":3,"aquaculture:minnow":2,"minecraft:diamond_helmet":2,"minecraft:iron_sword":1,"minecraft:oak_planks":21,"minecraft:acacia_sapling":3,"minecraft:soul_sand":1,"minecraft:polished_andesite_stairs":39,"aquaculture:gar":2,"minecraft:chiseled_stone_bricks":1,"iceandfire:ash":1,"born_in_chaos_v1:ethereal_spirit":9,"minecraft:gravel":17,"minecraft:white_bed":1,"minecraft:nether_brick_slab":1,"minecraft:spider_eye":5,"minecraft:spruce_door":1,"minecraft:mossy_cobblestone":1,"minecraft:bundle":1,"minecraft:polished_andesite":16,"minecraft:diamond":1,"minecraft:gray_wool":2,"minecraft:mossy_cobblestone_stairs":2,"tombstone:magic_scroll":5,"born_in_chaos_v1:rotten_fish":4,"minecraft:coal":155,"iceandfire:raw_silver":1},"minecraft:custom":{"minecraft:mob_kills":209,"minecraft:animals_bred":1,"tombstone:use_vanishing":1,"minecraft:interact_with_crafting_table":53,"minecraft:damage_dealt_resisted":2078,"minecraft:leave_game":2,"minecraft:time_since_death":229791,"minecraft:damage_resisted":84,"minecraft:climb_one_cm":3935,"minecraft:sprint_one_cm":726608,"minecraft:walk_one_cm":457186,"minecraft:damage_blocked_by_shield":7345,"minecraft:drop":101,"minecraft:play_time":276540,"minecraft:sneak_time":16311,"minecraft:deaths":2,"minecraft:walk_under_water_one_cm":30545,"minecraft:jump":2683,"minecraft:walk_on_water_one_cm":40131,"minecraft:total_world_time":276540,"minecraft:interact_with_furnace":67,"tombstone:raider_killed":1,"minecraft:interact_with_grindstone":2,"minecraft:sleep_in_bed":4,"minecraft:time_since_rest":105999,"minecraft:damage_absorbed":641,"minecraft:damage_taken":3294,"minecraft:trigger_trapped_chest":4,"minecraft:damage_dealt":30600,"minecraft:crouch_one_cm":30288,"minecraft:swim_one_cm":52091,"minecraft:fly_one_cm":438063,"minecraft:open_chest":131,"tombstone:undead_killed":98,"minecraft:fall_one_cm":58900},"minecraft:broken":{"minecraft:shield":1,"minecraft:iron_sword":1,"minecraft:wooden_axe":1},"minecraft:used":{"minecraft:stone_sword":9,"minecraft:flint_and_steel":30,"minecraft:chest":2,"minecraft:shield":94,"minecraft:iron_sword":512,"minecraft:rotten_flesh":1,"luckys_armory:heavy_diamond_armor_leggings":1,"minecraft:torch":174,"minecraft:dirt":2,"minecraft:obsidian":8,"minecraft:wooden_axe":64,"born_in_chaos_v1:corpse_maggot":1,"minecraft:lava_bucket":1,"aquaculture:iron_fishing_rod":1,"minecraft:polished_andesite_stairs":17,"minecraft:stone_bricks":3,"born_in_chaos_v1:nightmare_stalker_skull":2,"minecraft:golden_carrot":1,"minecraft:bow":35,"minecraft:furnace":12,"minecraft:cooked_cod":1,"tombstone:gift":5,"minecraft:cooked_beef":10,"minecraft:acacia_planks":36,"minecraft:cooked_mutton":5,"minecraft:water_bucket":12,"minecraft:spruce_door":1,"minecraft:baked_potato":1,"minecraft:oak_planks":76,"minecraft:stone_pickaxe":81,"minecraft:polished_andesite":4,"minecraft:wooden_pickaxe":6,"minecraft:golden_apple":12,"minecraft:crafting_table":17,"minecraft:white_bed":3,"minecraft:diamond_shovel":34,"minecraft:diamond_pickaxe":443,"spartanshields:stone_basic_shield":11,"born_in_chaos_v1:monster_flesh":2,"minecraft:chicken":1,"minecraft:iron_pickaxe":3,"minecraft:stone_axe":62,"minecraft:gravel":5,"minecraft:stone_slab":2,"aquaculture:gar":2,"minecraft:potion":2,"minecraft:cobblestone":125,"minecraft:porkchop":1,"minecraft:grindstone":1,"minecraft:cooked_porkchop":13,"minecraft:bucket":15}},"DataVersion":3465}