{"stats":{"minecraft:custom":{"minecraft:mob_kills":362,"minecraft:interact_with_crafting_table":12,"minecraft:open_barrel":9,"minecraft:damage_dealt_resisted":2302,"minecraft:eat_cake_slice":14,"minecraft:leave_game":6,"minecraft:time_since_death":18819,"minecraft:climb_one_cm":6161,"minecraft:damage_resisted":342,"minecraft:sprint_one_cm":1133638,"minecraft:walk_one_cm":647513,"minecraft:damage_blocked_by_shield":4845,"minecraft:drop":139,"minecraft:talked_to_villager":1,"minecraft:play_time":304015,"minecraft:sneak_time":14787,"minecraft:deaths":12,"minecraft:walk_under_water_one_cm":34751,"minecraft:jump":3754,"minecraft:interact_with_brewingstand":1,"minecraft:walk_on_water_one_cm":46226,"minecraft:total_world_time":304015,"minecraft:interact_with_furnace":3,"minecraft:sleep_in_bed":2,"minecraft:time_since_rest":18682,"minecraft:damage_taken":8912,"minecraft:damage_absorbed":547,"minecraft:trigger_trapped_chest":1,"minecraft:damage_dealt":52745,"minecraft:crouch_one_cm":41799,"minecraft:swim_one_cm":42370,"minecraft:fly_one_cm":700082,"minecraft:open_chest":195,"tombstone:undead_killed":196,"minecraft:fall_one_cm":87549},"minecraft:picked_up":{"minecraft:crafting_table":2,"minecraft:black_carpet":2,"minecraft:chainmail_boots":3,"iceandfire:witherbone":13,"minecraft:golden_pickaxe":3,"minecraft:leather_leggings":4,"minecraft:diamond_sword":1,"minecraft:potion":2,"minecraft:stone_brick_stairs":3,"minecraft:chain":1,"minecraft:golden_sword":3,"minecraft:shield":1,"minecraft:string":42,"minecraft:iron_axe":2,"minecraft:iron_shovel":3,"minecraft:black_glazed_terracotta":4,"minecraft:iron_pickaxe":4,"minecraft:mangrove_log":1,"minecraft:iron_boots":1,"minecraft:egg":4,"minecraft:tipped_arrow":7,"minecraft:golden_helmet":3,"minecraft:torch":55,"minecraft:acacia_log":3,"minecraft:cherry_log":1,"tombstone:grave_dust":31,"born_in_chaos_v1:pieceofdarkmetal":1,"born_in_chaos_v1:nightmare_claw":1,"minecraft:carrot":1,"minecraft:golden_chestplate":3,"tombstone:tablet_of_cupidity":1,"minecraft:stone_pressure_plate":1,"minecraft:arrow":63,"minecraft:rotten_flesh":161,"minecraft:nether_bricks":2,"minecraft:gold_ingot":2,"born_in_chaos_v1:trident_hayfork":1,"minecraft:mutton":9,"minecraft:iron_bars":37,"minecraft:white_wool":15,"minecraft:cobblestone":11,"born_in_chaos_v1:fused_bone":1,"minecraft:birch_log":1,"born_in_chaos_v1:corpse_maggot":29,"minecraft:lime_bed":1,"minecraft:leather_chestplate":2,"minecraft:feather":16,"minecraft:cooked_beef":9,"minecraft:iron_door":2,"minecraft:jungle_log":1,"minecraft:leather":6,"minecraft:brown_wool":2,"minecraft:golden_leggings":5,"minecraft:potato":3,"minecraft:oak_log":10,"minecraft:chainmail_chestplate":1,"iceandfire:ectoplasm":1,"minecraft:gunpowder":3,"minecraft:dirt":59,"minecraft:cooked_mutton":2,"minecraft:leather_boots":1,"minecraft:bone":73,"minecraft:acacia_planks":4,"minecraft:stone_bricks":7,"minecraft:bow":4,"minecraft:wheat_seeds":8,"minecraft:cobbled_deepslate_slab":1,"minecraft:iron_ingot":2,"minecraft:stone_pickaxe":2,"minecraft:cooked_chicken":8,"minecraft:cobweb":8,"tombstone:bag_of_seeds":1,"minecraft:mossy_stone_bricks":6,"minecraft:diamond_helmet":1,"minecraft:oak_planks":14,"minecraft:iron_sword":2,"mowziesmobs:umvuthana_mask_misery":1,"minecraft:book":12,"minecraft:cooked_porkchop":9,"born_in_chaos_v1:ethereal_spirit":3,"minecraft:lava_bucket":1,"born_in_chaos_v1:dark_rod":1,"minecraft:nether_brick_stairs":1,"minecraft:spider_eye":15,"minecraft:mossy_cobblestone":1,"minecraft:bundle":6,"minecraft:spruce_fence_gate":1,"minecraft:diamond_shovel":1,"minecraft:chainmail_leggings":4,"minecraft:iron_helmet":3,"minecraft:bone_meal":1,"minecraft:golden_apple":2,"minecraft:chainmail_helmet":2,"mowziesmobs:umvuthana_mask_fear":2,"born_in_chaos_v1:rotten_fish":1,"tombstone:magic_scroll":6,"minecraft:oak_sapling":2,"minecraft:black_wool":2,"minecraft:coal":12,"minecraft:diamond_pickaxe":1},"minecraft:killed":{"minecraft:cave_spider":10,"born_in_chaos_v1:zombie_lumberjack":3,"born_in_chaos_v1:restless_spirit":2,"born_in_chaos_v1:skeleton_demoman":1,"born_in_chaos_v1:door_knight_not_despawn":1,"alexsmobs:raccoon":1,"minecraft:spider":40,"born_in_chaos_v1:siamese_skeletonsright":1,"born_in_chaos_v1:maggot":27,"minecraft:skeleton":29,"minecraft:chicken":8,"mowziesmobs:umvuthana_crane":2,"born_in_chaos_v1:corpse_fish":2,"mowziesmobs:umvuthana":27,"born_in_chaos_v1:barrel_zombie":2,"minecraft:pig":5,"born_in_chaos_v1:baby_skeleton":1,"born_in_chaos_v1:spirit_guide_assistant":1,"minecraft:bat":1,"minecraft:creeper":3,"born_in_chaos_v1:decrepit_skeleton":6,"minecraft:sheep":6,"royalvariations:royal_zombie":2,"born_in_chaos_v1:bloody_gadfly":1,"minecraft:zombie":104,"iceandfire:ghost":3,"born_in_chaos_v1:corpse_fly":16,"born_in_chaos_v1:dark_vortex":1,"minecraft:stray":11,"born_in_chaos_v1:nightmare_stalker":1,"born_in_chaos_v1:door_knight":1,"minecraft:wither_skeleton":29,"creeperoverhaul:savannah_creeper":1,"born_in_chaos_v1:siamese_skeletonsleft":1,"minecraft:cow":4},"minecraft:used":{"minecraft:iron_bars":2,"minecraft:iron_sword":163,"minecraft:shield":67,"minecraft:cooked_chicken":8,"minecraft:rotten_flesh":8,"minecraft:torch":203,"minecraft:dirt":22,"minecraft:mutton":4,"minecraft:nether_bricks":53,"minecraft:carrot":7,"born_in_chaos_v1:corpse_maggot":3,"minecraft:lava_bucket":2,"minecraft:iron_axe":25,"minecraft:stone_bricks":58,"minecraft:bow":139,"tombstone:gift":2,"minecraft:egg":4,"minecraft:cooked_beef":16,"minecraft:potato":9,"minecraft:acacia_planks":19,"born_in_chaos_v1:trident_hayfork":147,"minecraft:cooked_mutton":9,"minecraft:water_bucket":24,"minecraft:birch_planks":1,"minecraft:stone_pickaxe":93,"minecraft:baked_potato":1,"minecraft:oak_planks":1,"minecraft:ender_pearl":5,"minecraft:wooden_pickaxe":15,"minecraft:cracked_stone_bricks":24,"minecraft:white_wool":8,"minecraft:golden_apple":19,"minecraft:lime_bed":1,"minecraft:crafting_table":6,"minecraft:white_bed":1,"minecraft:iron_pickaxe":97,"minecraft:brown_wool":1,"minecraft:stone_axe":37,"minecraft:diamond_sword":482,"minecraft:cobblestone":3,"minecraft:potion":8,"minecraft:cooked_rabbit":1,"minecraft:cooked_porkchop":11,"alexsmobs:animal_dictionary":2,"minecraft:bucket":27},"minecraft:mined":{"minecraft:stone_pressure_plate":3,"minecraft:mossy_cobblestone":1,"minecraft:cobbled_deepslate_slab":1,"minecraft:nether_bricks":4,"minecraft:acacia_log":1,"minecraft:grass_block":34,"minecraft:brown_wool":1,"minecraft:spawner":82,"minecraft:black_glazed_terracotta":2,"minecraft:deepslate_lapis_ore":1,"minecraft:nether_brick_stairs":4,"minecraft:mossy_stone_brick_stairs":2,"minecraft:bookshelf":6,"minecraft:vine":11,"minecraft:iron_bars":38,"minecraft:stone":12,"minecraft:white_wool":8,"minecraft:acacia_leaves":1,"minecraft:crafting_table":1,"minecraft:torch":2,"minecraft:tall_grass":4,"minecraft:iron_door":3,"minecraft:wall_torch":3,"minecraft:lime_bed":1,"minecraft:birch_leaves":1,"minecraft:stone_brick_stairs":2,"minecraft:black_wool":1,"minecraft:grass":65,"minecraft:oak_log":10,"minecraft:dirt":30,"minecraft:acacia_planks":5,"minecraft:spruce_fence_gate":1,"minecraft:oak_leaves":8,"minecraft:stone_bricks":2,"minecraft:netherrack":1,"minecraft:mossy_stone_bricks":2},"minecraft:crafted":{"minecraft:cherry_planks":4,"minecraft:oak_planks":40,"minecraft:cooked_mutton":5,"minecraft:iron_axe":1,"minecraft:stone_pickaxe":1,"minecraft:chest":1,"sophisticatedbackpacks:iron_backpack":1,"sophisticatedbackpacks:backpack":1,"minecraft:crafting_table":5,"minecraft:wooden_pickaxe":1,"sophisticatedbackpacks:gold_backpack":1,"minecraft:gold_block":19,"minecraft:bucket":1,"minecraft:birch_planks":4,"minecraft:stone_axe":1,"minecraft:air":0,"minecraft:stick":16,"minecraft:iron_pickaxe":1,"minecraft:white_bed":1,"minecraft:acacia_planks":4,"minecraft:torch":48},"minecraft:broken":{"minecraft:iron_chestplate":2,"minecraft:iron_leggings":1,"mowziesmobs:umvuthana_mask_misery":1},"minecraft:dropped":{"minecraft:iron_sword":2,"minecraft:birch_planks":1,"minecraft:wheat_seeds":3,"minecraft:golden_helmet":3,"minecraft:cooked_beef":3,"minecraft:mossy_cobblestone":1,"minecraft:golden_pickaxe":1,"minecraft:glass_bottle":7,"minecraft:diamond":1,"minecraft:crafting_table":1,"minecraft:iron_helmet":2,"minecraft:cobblestone":2,"mowziesmobs:umvuthana_mask_fear":1,"minecraft:acacia_log":2,"minecraft:chainmail_helmet":3,"minecraft:coal":2,"minecraft:stick":2,"minecraft:lava_bucket":1,"minecraft:cobweb":8,"minecraft:dirt":2,"minecraft:iron_door":1,"minecraft:bone_meal":1,"minecraft:iron_axe":2,"born_in_chaos_v1:staffof_magic_arrows":1,"minecraft:iron_pickaxe":4,"minecraft:iron_shovel":1,"minecraft:chainmail_leggings":4,"minecraft:string":6,"minecraft:bone":4,"tombstone:familiar_stone":1,"minecraft:golden_chestplate":2,"alexsmobs:animal_dictionary":1,"minecraft:black_carpet":2,"born_in_chaos_v1:rotten_fish":1,"minecraft:rotten_flesh":135,"minecraft:oak_planks":21,"minecraft:iron_boots":1,"minecraft:carrot":1,"minecraft:chainmail_chestplate":2,"minecraft:black_glazed_terracotta":4,"minecraft:diamond_sword":1,"minecraft:leather_chestplate":2,"minecraft:tipped_arrow":1,"minecraft:shield":5,"minecraft:mangrove_log":1,"minecraft:bundle":4,"minecraft:jungle_log":1,"born_in_chaos_v1:corpse_maggot":11,"minecraft:mossy_stone_bricks":5,"minecraft:leather_boots":1,"minecraft:golden_leggings":6,"minecraft:chainmail_boots":4,"minecraft:oak_sapling":2,"minecraft:golden_sword":3,"minecraft:leather_leggings":3,"minecraft:stone_pressure_plate":1,"minecraft:spider_eye":8,"minecraft:stone_bricks":4,"minecraft:iron_bars":30,"minecraft:arrow":11,"minecraft:bow":2,"minecraft:stone_pickaxe":3,"minecraft:stone_brick_stairs":1,"tombstone:tablet_of_cupidity":1,"minecraft:black_wool":2}},"DataVersion":3465}