{"stats":{"minecraft:killed":{"born_in_chaos_v1:zombie_clown":1,"minecraft:cave_spider":8,"born_in_chaos_v1:mr_pumpkin":6,"born_in_chaos_v1:restless_spirit":1,"born_in_chaos_v1:zombie_lumberjack":2,"born_in_chaos_v1:sir_the_headless":1,"born_in_chaos_v1:door_knight_not_despawn":2,"minecraft:spider":20,"royalvariations:royal_skeleton":1,"born_in_chaos_v1:siamese_skeletonsright":2,"born_in_chaos_v1:baby_skeleton_minion":9,"minecraft:skeleton":33,"born_in_chaos_v1:skeleton_thrasher":1,"creature_compendium:unseen_grasp":1,"minecraft:pig":1,"minecraft:creeper":2,"minecraft:sheep":4,"alexsmobs:flutter":1,"minecraft:zombie":44,"born_in_chaos_v1:dread_hound":2,"born_in_chaos_v1:corpse_fly":13,"minecraft:stray":16,"iceandfire:pixie":1,"iceandfire:lightning_dragon":1,"born_in_chaos_v1:siamese_skeletonsleft":2,"minecraft:cow":4,"minecraft:vex":1,"born_in_chaos_v1:maggot":13,"born_in_chaos_v1:pumpkinhead":1,"minecraft:drowned":1,"born_in_chaos_v1:barrel_zombie":3,"born_in_chaos_v1:fallen_chaos_knight":1,"born_in_chaos_v1:felsteed":1,"born_in_chaos_v1:bone_imp_minion":38,"born_in_chaos_v1:baby_skeleton":1,"born_in_chaos_v1:decrepit_skeleton":10,"royalvariations:royal_zombie":1,"iceandfire:ghost":3,"born_in_chaos_v1:bonescaller_not_despawn":2,"minecraft:wither_skeleton":5},"minecraft:dropped":{"minecraft:diamond_axe":1,"minecraft:crafting_table":2,"born_in_chaos_v1:pieceofdarkmetal":3,"minecraft:emerald":2,"minecraft:dirt":34,"minecraft:birch_log":2,"minecraft:bone":58,"minecraft:stone_axe":1,"minecraft:sugar_cane":1,"alexsmobs:animal_dictionary":1,"minecraft:birch_sapling":1,"tombstone:gift":1,"minecraft:rotten_flesh":66,"iceandfire:fire_lily":1,"minecraft:chainmail_chestplate":1,"born_in_chaos_v1:corpse_maggot":4,"minecraft:chest":1,"minecraft:acacia_sapling":1,"minecraft:chainmail_boots":1,"minecraft:iron_bars":8,"iceandfire:manuscript":2,"minecraft:enchanted_book":2,"minecraft:golden_boots":3,"minecraft:oak_slab":6,"born_in_chaos_v1:shattered_skull":1,"minecraft:wheat_seeds":8,"minecraft:golden_helmet":1,"minecraft:feather":1,"minecraft:cobblestone":14,"minecraft:apple":4,"minecraft:granite":3,"minecraft:chainmail_helmet":1,"minecraft:coal":2,"minecraft:stick":5,"minecraft:cobweb":9,"minecraft:diorite":2,"tombstone:magic_scroll":2,"minecraft:torch":4,"tombstone:grave_key":1,"born_in_chaos_v1:fused_bone":1,"tombstone:grave_dust":19,"iceandfire:armor_black_helmet":1,"minecraft:wither_rose":1,"minecraft:chainmail_leggings":5,"minecraft:paper":3,"minecraft:string":18,"minecraft:bucket":1,"minecraft:iron_boots":1,"sophisticatedbackpacks:backpack":1,"minecraft:oak_sign":8,"minecraft:pumpkin_seeds":24,"minecraft:shield":1,"minecraft:bundle":1,"minecraft:spruce_planks":1,"minecraft:oak_sapling":1,"minecraft:spider_eye":13,"minecraft:bow":1},"minecraft:mined":{"minecraft:stone_pressure_plate":1,"minecraft:white_bed":4,"iceandfire:graveyard_soil":1,"minecraft:cherry_log":4,"minecraft:red_nether_bricks":1,"minecraft:granite":5,"minecraft:grass_block":19,"minecraft:spawner":65,"minecraft:weeping_vines_plant":1,"minecraft:mossy_cobblestone_stairs":2,"minecraft:fire":1,"graveyard:upper_bone_staff":3,"minecraft:iron_bars":38,"minecraft:iron_block":2,"minecraft:quartz_block":2,"minecraft:clay":4,"iceandfire:ghost_chest":1,"iceandfire:fire_lily":2,"minecraft:cobblestone":2,"minecraft:grindstone":2,"minecraft:sugar_cane":3,"minecraft:oak_planks":1,"minecraft:damaged_anvil":3,"minecraft:skeleton_skull":1,"minecraft:chain":2,"graveyard:oak_coffin":1,"minecraft:birch_log":6,"minecraft:wither_rose":1,"minecraft:stone_brick_stairs":1,"minecraft:grass":41,"minecraft:oak_log":16,"minecraft:dirt":30,"born_in_chaos_v1:infernal_evil_pumpkin_s":1,"minecraft:oak_leaves":19,"minecraft:mossy_cobblestone":8,"graveyard:acacia_coffin":1,"minecraft:spruce_fence":1,"born_in_chaos_v1:fel_soil":1,"minecraft:hay_block":28,"minecraft:deepslate_brick_slab":1,"minecraft:furnace":1,"minecraft:bookshelf":1,"minecraft:vine":4,"minecraft:stone":64,"minecraft:podzol":1,"born_in_chaos_v1:marigolds":2,"minecraft:crafting_table":11,"minecraft:tall_grass":4,"minecraft:diorite":2,"minecraft:birch_planks":2,"minecraft:spruce_log":2,"minecraft:birch_leaves":2,"iceandfire:ash":3,"minecraft:cobweb":3,"minecraft:cracked_stone_bricks":3,"minecraft:stone_bricks":4,"minecraft:mossy_stone_bricks":5,"minecraft:fern":2},"minecraft:crafted":{"minecraft:grindstone":1,"minecraft:oak_planks":60,"minecraft:stone":3,"iceandfire:armor_black_helmet":2,"tombstone:grave_key":3,"minecraft:chest":1,"born_in_chaos_v1:transformative_flower":1,"minecraft:oak_slab":6,"sophisticatedbackpacks:backpack":1,"minecraft:crafting_table":5,"minecraft:spruce_planks":8,"minecraft:wooden_pickaxe":1,"minecraft:birch_planks":36,"minecraft:tnt_minecart":1,"minecraft:book":2,"minecraft:paper":6,"minecraft:shield":4,"minecraft:stick":16,"minecraft:stone_slab":6,"minecraft:iron_ingot":36,"minecraft:iron_block":2,"luckys_armory:heavy_diamond_armor_chestplate":1,"minecraft:cherry_planks":16,"minecraft:furnace":1,"iceandfire:armor_black_chestplate":1,"minecraft:wheat":126,"sophisticatedbackpacks:iron_backpack":1,"iceandfire:armor_black_leggings":1,"iceandfire:armor_black_boots":1,"minecraft:iron_sword":1,"sophisticatedbackpacks:gold_backpack":1,"minecraft:bread":42},"minecraft:picked_up":{"minecraft:seagrass":6,"minecraft:chainmail_boots":1,"iceandfire:copper_sword":1,"minecraft:wither_rose":1,"minecraft:enchanted_book":2,"tombstone:grave_key":1,"born_in_chaos_v1:holiday_candy":20,"iceandfire:manuscript":2,"minecraft:string":60,"minecraft:raw_copper":3,"minecraft:experience_bottle":56,"minecraft:oak_sign":8,"minecraft:beetroot":1,"minecraft:gold_nugget":30,"minecraft:bucket":1,"minecraft:furnace":1,"minecraft:iron_boots":1,"minecraft:tipped_arrow":8,"minecraft:golden_helmet":2,"iceandfire:pixie_dust":2,"minecraft:stick":3,"iceandfire:ghost_chest":1,"born_in_chaos_v1:shattered_skull":1,"minecraft:acacia_log":4,"minecraft:porkchop":3,"minecraft:cherry_log":4,"iceandfire:crackled_gravel":12,"born_in_chaos_v1:fel_soil":1,"tombstone:grave_dust":27,"minecraft:diorite":2,"minecraft:golden_chestplate":1,"minecraft:quartz_block":3,"minecraft:stone_sword":1,"minecraft:rotten_flesh":117,"minecraft:iron_block":2,"minecraft:iron_bars":32,"minecraft:cobblestone":39,"minecraft:birch_log":13,"iceandfire:dragonscales_black":29,"minecraft:feather":1,"born_in_chaos_v1:spiritual_dust":2,"minecraft:golden_leggings":1,"minecraft:dirt":61,"minecraft:name_tag":1,"born_in_chaos_v1:monster_skin":1,"born_in_chaos_v1:marigolds":2,"minecraft:bone":170,"minecraft:bow":2,"minecraft:wheat_seeds":13,"minecraft:deepslate_brick_slab":1,"minecraft:raw_gold":2,"minecraft:grindstone":2,"minecraft:diamond_helmet":1,"minecraft:mossy_stone_bricks":6,"minecraft:oak_planks":1,"minecraft:cooked_porkchop":2,"minecraft:music_disc_13":1,"minecraft:poisonous_potato":1,"iceandfire:lightning_dragon_heart":1,"alexsmobs:animal_dictionary":1,"minecraft:mossy_cobblestone":6,"graveyard:upper_bone_staff":3,"minecraft:bundle":3,"minecraft:granite":3,"minecraft:emerald":2,"minecraft:oak_sapling":1,"born_in_chaos_v1:rotten_fish":2,"iceandfire:dragon_skull_lightning":1,"minecraft:crafting_table":13,"graveyard:acacia_coffin":1,"minecraft:azure_bluet":1,"iceandfire:witherbone":1,"minecraft:chicken":1,"born_in_chaos_v1:seedof_chaos":10,"iceandfire:fire_lily":2,"tombstone:scroll_of_preservation":1,"minecraft:shield":1,"minecraft:iron_axe":1,"born_in_chaos_v1:intoxicating_decoction":3,"minecraft:cracked_stone_bricks":1,"minecraft:beef":8,"minecraft:light_gray_wool":1,"minecraft:sugar_cane":7,"minecraft:chest":1,"minecraft:birch_sapling":2,"minecraft:dark_oak_sapling":3,"iceandfire:dragonbone":10,"minecraft:spruce_fence":1,"sophisticatedbackpacks:backpack":1,"born_in_chaos_v1:pieceofdarkmetal":8,"minecraft:redstone":7,"minecraft:stone_pressure_plate":1,"minecraft:arrow":104,"minecraft:hay_block":28,"iceandfire:armor_black_helmet":1,"born_in_chaos_v1:spiny_shell":1,"minecraft:gold_ingot":2,"sophisticatedbackpacks:copper_backpack":1,"minecraft:mutton":6,"minecraft:skeleton_skull":1,"minecraft:white_wool":3,"born_in_chaos_v1:fused_bone":3,"born_in_chaos_v1:corpse_maggot":14,"minecraft:golden_carrot":1,"born_in_chaos_v1:monster_flesh":1,"born_in_chaos_v1:pumpkin_staff":1,"minecraft:glow_ink_sac":2,"minecraft:salmon":1,"minecraft:leather":10,"minecraft:birch_planks":2,"minecraft:oak_log":17,"minecraft:chainmail_chestplate":2,"minecraft:golden_boots":4,"minecraft:gunpowder":10,"born_in_chaos_v1:soul_cutlass":1,"minecraft:apple":4,"minecraft:stone_bricks":4,"minecraft:kelp":1,"minecraft:spore_blossom":1,"minecraft:iron_ingot":5,"minecraft:cobweb":14,"tombstone:bag_of_seeds":1,"minecraft:acacia_sapling":1,"iceandfire:copper_nugget":10,"born_in_chaos_v1:orbofthe_summoner":1,"iceandfire:ash":5,"born_in_chaos_v1:ethereal_spirit":1,"minecraft:gravel":1,"minecraft:spruce_sapling":1,"minecraft:white_bed":5,"minecraft:spruce_log":2,"minecraft:spider_eye":24,"minecraft:pumpkin_seeds":24,"creature_compendium:mask_of_unseen":1,"minecraft:stone_axe":1,"minecraft:chainmail_leggings":6,"minecraft:diamond_axe":1,"minecraft:cherry_sapling":1,"tombstone:magic_scroll":3,"minecraft:damaged_anvil":3,"minecraft:coal":7},"minecraft:custom":{"minecraft:interact_with_crafting_table":42,"minecraft:open_barrel":50,"minecraft:eat_cake_slice":7,"minecraft:leave_game":8,"minecraft:time_since_death":62071,"minecraft:sprint_one_cm":1068302,"minecraft:damage_blocked_by_shield":13831,"minecraft:drop":172,"minecraft:play_time":345784,"minecraft:deaths":59,"minecraft:jump":8926,"minecraft:walk_on_water_one_cm":104715,"minecraft:interact_with_furnace":7,"minecraft:sleep_in_bed":1,"minecraft:damage_dealt":49732,"minecraft:crouch_one_cm":14169,"tombstone:undead_killed":178,"minecraft:interact_with_anvil":28,"minecraft:mob_kills":285,"minecraft:damage_dealt_resisted":4993,"minecraft:climb_one_cm":7755,"minecraft:walk_one_cm":561726,"minecraft:sneak_time":5046,"minecraft:walk_under_water_one_cm":17037,"minecraft:total_world_time":345784,"spartanshields:shield_bash_hits":1,"minecraft:interact_with_grindstone":12,"minecraft:time_since_rest":2628,"minecraft:damage_taken":24944,"minecraft:damage_absorbed":913,"minecraft:trigger_trapped_chest":3,"minecraft:swim_one_cm":108295,"minecraft:fly_one_cm":1408870,"minecraft:open_chest":224,"minecraft:fall_one_cm":130464},"minecraft:broken":{"minecraft:golden_boots":1,"minecraft:iron_boots":3,"minecraft:iron_chestplate":2,"minecraft:iron_leggings":1,"minecraft:iron_sword":1,"minecraft:shield":6,"minecraft:iron_axe":1,"minecraft:iron_helmet":2},"minecraft:killed_by":{"born_in_chaos_v1:corpse_fly":1,"minecraft:zombie":2,"iceandfire:fire_dragon":1,"iceandfire:lightning_dragon":6},"minecraft:used":{"minecraft:beetroot":1,"minecraft:cherry_sapling":1,"minecraft:shield":209,"luckys_armory:heavy_diamond_armor_chestplate":4,"minecraft:iron_sword":485,"minecraft:rotten_flesh":9,"creature_compendium:mask_of_unseen":2,"minecraft:mutton":6,"minecraft:carrot":20,"born_in_chaos_v1:soul_cutlass":642,"born_in_chaos_v1:smoked_flesh":22,"iceandfire:armor_black_helmet":1,"iceandfire:armor_black_leggings":2,"minecraft:hay_block":1,"minecraft:furnace":2,"minecraft:skeleton_skull":1,"minecraft:mossy_stone_bricks":5,"minecraft:damaged_anvil":3,"minecraft:diamond_boots":1,"born_in_chaos_v1:fel_soil":1,"minecraft:stone_pickaxe":17,"minecraft:oak_planks":32,"minecraft:wooden_pickaxe":3,"minecraft:white_wool":3,"minecraft:golden_apple":17,"minecraft:mushroom_stew":1,"minecraft:bread":48,"tombstone:grave_key":9,"graveyard:upper_bone_staff":2,"minecraft:grindstone":3,"minecraft:experience_bottle":16,"minecraft:cobweb":7,"born_in_chaos_v1:dark_ritual_dagger":1,"minecraft:iron_bars":7,"minecraft:acacia_log":2,"minecraft:torch":8,"minecraft:dirt":38,"minecraft:spruce_fence":1,"minecraft:iron_axe":32,"minecraft:iron_boots":2,"minecraft:light_gray_wool":1,"minecraft:golden_carrot":1,"minecraft:beef":8,"tombstone:gift":7,"minecraft:cooked_beef":12,"minecraft:birch_planks":75,"minecraft:mossy_cobblestone":6,"minecraft:crafting_table":19,"minecraft:white_bed":5,"minecraft:oak_log":1,"minecraft:apple":15,"minecraft:chicken":1,"minecraft:iron_pickaxe":219,"iceandfire:ash":5,"minecraft:spruce_sapling":1,"minecraft:stone_axe":1,"minecraft:pink_petals":6,"minecraft:cobblestone":8,"minecraft:porkchop":3,"minecraft:cooked_porkchop":5,"born_in_chaos_v1:tombstone_dark_titan_066":1,"alexsmobs:animal_dictionary":1}},"DataVersion":3465}