{"stats":{"minecraft:killed":{"born_in_chaos_v1:zombie_clown":1,"minecraft:cave_spider":4,"born_in_chaos_v1:mr_pumpkin":6,"born_in_chaos_v1:zombie_lumberjack":2,"born_in_chaos_v1:restless_spirit":1,"born_in_chaos_v1:sir_the_headless":1,"born_in_chaos_v1:door_knight_not_despawn":2,"minecraft:spider":15,"royalvariations:royal_skeleton":1,"born_in_chaos_v1:siamese_skeletonsright":1,"born_in_chaos_v1:maggot":7,"born_in_chaos_v1:pumpkinhead":1,"minecraft:skeleton":19,"born_in_chaos_v1:skeleton_thrasher":1,"minecraft:drowned":1,"born_in_chaos_v1:barrel_zombie":3,"born_in_chaos_v1:fallen_chaos_knight":1,"born_in_chaos_v1:felsteed":1,"minecraft:pig":1,"born_in_chaos_v1:baby_skeleton":1,"minecraft:creeper":2,"born_in_chaos_v1:decrepit_skeleton":7,"minecraft:sheep":4,"royalvariations:royal_zombie":1,"alexsmobs:flutter":1,"minecraft:zombie":19,"iceandfire:ghost":3,"born_in_chaos_v1:dread_hound":2,"born_in_chaos_v1:corpse_fly":12,"minecraft:stray":9,"iceandfire:lightning_dragon":1,"minecraft:wither_skeleton":4,"born_in_chaos_v1:siamese_skeletonsleft":1,"minecraft:cow":4},"minecraft:mined":{"minecraft:stone_pressure_plate":1,"minecraft:white_bed":3,"iceandfire:graveyard_soil":1,"minecraft:mossy_cobblestone":1,"graveyard:acacia_coffin":1,"minecraft:cherry_log":4,"minecraft:spruce_fence":1,"minecraft:grass_block":19,"born_in_chaos_v1:fel_soil":1,"minecraft:spawner":36,"minecraft:deepslate_brick_slab":1,"minecraft:hay_block":28,"minecraft:fire":1,"graveyard:upper_bone_staff":3,"minecraft:bookshelf":1,"minecraft:vine":1,"minecraft:iron_bars":28,"minecraft:stone":44,"born_in_chaos_v1:marigolds":2,"minecraft:crafting_table":8,"iceandfire:ghost_chest":1,"iceandfire:fire_lily":2,"minecraft:tall_grass":4,"minecraft:cobblestone":1,"minecraft:damaged_anvil":1,"minecraft:oak_planks":1,"minecraft:sugar_cane":3,"minecraft:skeleton_skull":1,"minecraft:birch_planks":2,"graveyard:oak_coffin":1,"minecraft:birch_log":6,"minecraft:birch_leaves":2,"iceandfire:ash":3,"minecraft:wither_rose":1,"minecraft:grass":39,"minecraft:oak_log":16,"minecraft:dirt":30,"minecraft:cobweb":2,"minecraft:cracked_stone_bricks":1,"minecraft:stone_bricks":4,"born_in_chaos_v1:infernal_evil_pumpkin_s":1,"minecraft:oak_leaves":19,"minecraft:fern":2},"minecraft:dropped":{"minecraft:enchanted_book":1,"minecraft:wheat_seeds":8,"minecraft:crafting_table":2,"minecraft:feather":1,"minecraft:apple":4,"born_in_chaos_v1:pieceofdarkmetal":3,"minecraft:chainmail_helmet":1,"minecraft:stick":1,"minecraft:emerald":2,"minecraft:cobweb":9,"minecraft:dirt":34,"tombstone:magic_scroll":1,"minecraft:torch":4,"tombstone:grave_key":1,"born_in_chaos_v1:fused_bone":1,"tombstone:grave_dust":6,"minecraft:wither_rose":1,"minecraft:string":2,"minecraft:birch_log":2,"minecraft:bucket":1,"minecraft:bone":58,"minecraft:stone_axe":1,"alexsmobs:animal_dictionary":1,"minecraft:birch_sapling":1,"tombstone:gift":1,"minecraft:rotten_flesh":23,"sophisticatedbackpacks:backpack":1,"iceandfire:fire_lily":1,"minecraft:oak_sign":8,"minecraft:pumpkin_seeds":24,"born_in_chaos_v1:corpse_maggot":2,"minecraft:oak_sapling":1,"minecraft:acacia_sapling":1,"minecraft:chest":1,"minecraft:iron_bars":8,"iceandfire:manuscript":2},"minecraft:crafted":{"minecraft:cherry_planks":16,"minecraft:oak_planks":60,"iceandfire:armor_black_helmet":2,"tombstone:grave_key":3,"minecraft:chest":1,"born_in_chaos_v1:transformative_flower":1,"iceandfire:armor_black_chestplate":1,"sophisticatedbackpacks:iron_backpack":1,"minecraft:wheat":126,"iceandfire:armor_black_leggings":1,"sophisticatedbackpacks:backpack":1,"minecraft:crafting_table":5,"minecraft:wooden_pickaxe":1,"iceandfire:armor_black_boots":1,"minecraft:iron_sword":1,"sophisticatedbackpacks:gold_backpack":1,"minecraft:birch_planks":36,"minecraft:bread":42,"minecraft:tnt_minecart":1,"minecraft:book":1,"minecraft:paper":3,"minecraft:shield":4,"minecraft:stick":8,"minecraft:iron_ingot":18,"minecraft:iron_block":2},"minecraft:picked_up":{"iceandfire:dragon_skull_lightning":1,"minecraft:seagrass":6,"minecraft:crafting_table":10,"graveyard:acacia_coffin":1,"iceandfire:witherbone":1,"minecraft:azure_bluet":1,"minecraft:chicken":1,"iceandfire:copper_sword":1,"born_in_chaos_v1:seedof_chaos":1,"iceandfire:fire_lily":2,"minecraft:wither_rose":1,"minecraft:enchanted_book":1,"tombstone:scroll_of_preservation":1,"tombstone:grave_key":1,"born_in_chaos_v1:holiday_candy":20,"iceandfire:manuscript":2,"minecraft:string":44,"minecraft:raw_copper":3,"minecraft:iron_axe":1,"born_in_chaos_v1:intoxicating_decoction":3,"minecraft:experience_bottle":56,"minecraft:oak_sign":8,"minecraft:beetroot":1,"minecraft:cracked_stone_bricks":1,"minecraft:gold_nugget":30,"minecraft:bucket":1,"minecraft:beef":8,"minecraft:light_gray_wool":1,"minecraft:sugar_cane":7,"minecraft:chest":1,"minecraft:birch_sapling":2,"minecraft:tipped_arrow":2,"minecraft:stick":1,"iceandfire:dragonbone":10,"iceandfire:ghost_chest":1,"minecraft:acacia_log":4,"minecraft:spruce_fence":1,"sophisticatedbackpacks:backpack":1,"minecraft:porkchop":3,"born_in_chaos_v1:fel_soil":1,"minecraft:cherry_log":4,"iceandfire:crackled_gravel":12,"tombstone:grave_dust":12,"born_in_chaos_v1:pieceofdarkmetal":8,"minecraft:redstone":7,"minecraft:golden_chestplate":1,"minecraft:stone_pressure_plate":1,"minecraft:quartz_block":2,"minecraft:stone_sword":1,"minecraft:arrow":65,"minecraft:rotten_flesh":76,"minecraft:hay_block":28,"sophisticatedbackpacks:copper_backpack":1,"born_in_chaos_v1:spiny_shell":1,"minecraft:gold_ingot":2,"minecraft:mutton":6,"minecraft:iron_bars":26,"minecraft:skeleton_skull":1,"minecraft:white_wool":3,"minecraft:cobblestone":6,"born_in_chaos_v1:fused_bone":1,"minecraft:birch_log":13,"iceandfire:dragonscales_black":29,"born_in_chaos_v1:corpse_maggot":10,"minecraft:feather":1,"born_in_chaos_v1:monster_flesh":1,"minecraft:golden_carrot":1,"born_in_chaos_v1:pumpkin_staff":1,"minecraft:glow_ink_sac":2,"minecraft:salmon":1,"minecraft:leather":10,"minecraft:birch_planks":2,"minecraft:oak_log":17,"minecraft:chainmail_chestplate":1,"minecraft:gunpowder":10,"minecraft:dirt":61,"minecraft:name_tag":1,"born_in_chaos_v1:monster_skin":1,"born_in_chaos_v1:marigolds":2,"minecraft:bone":124,"born_in_chaos_v1:soul_cutlass":1,"minecraft:kelp":1,"minecraft:apple":4,"minecraft:stone_bricks":4,"minecraft:bow":2,"minecraft:wheat_seeds":12,"minecraft:deepslate_brick_slab":1,"minecraft:raw_gold":2,"minecraft:spore_blossom":1,"minecraft:iron_ingot":5,"minecraft:cobweb":14,"minecraft:diamond_helmet":1,"minecraft:mossy_stone_bricks":1,"minecraft:oak_planks":1,"minecraft:acacia_sapling":1,"iceandfire:copper_nugget":10,"minecraft:cooked_porkchop":2,"minecraft:music_disc_13":1,"iceandfire:ash":5,"born_in_chaos_v1:ethereal_spirit":1,"minecraft:poisonous_potato":1,"minecraft:white_bed":4,"iceandfire:lightning_dragon_heart":1,"minecraft:spider_eye":11,"alexsmobs:animal_dictionary":1,"graveyard:upper_bone_staff":3,"minecraft:pumpkin_seeds":24,"minecraft:stone_axe":1,"minecraft:chainmail_leggings":1,"minecraft:cherry_sapling":1,"minecraft:emerald":2,"minecraft:oak_sapling":1,"tombstone:magic_scroll":2,"born_in_chaos_v1:rotten_fish":2,"minecraft:damaged_anvil":1,"minecraft:coal":3},"minecraft:custom":{"minecraft:interact_with_anvil":5,"minecraft:mob_kills":147,"minecraft:interact_with_crafting_table":32,"minecraft:open_barrel":50,"minecraft:eat_cake_slice":4,"minecraft:damage_dealt_resisted":3572,"minecraft:leave_game":7,"minecraft:time_since_death":450,"minecraft:climb_one_cm":3853,"minecraft:sprint_one_cm":807440,"minecraft:walk_one_cm":414143,"minecraft:damage_blocked_by_shield":11461,"minecraft:drop":115,"minecraft:play_time":259262,"minecraft:deaths":55,"minecraft:sneak_time":4469,"minecraft:walk_under_water_one_cm":16415,"minecraft:jump":8115,"minecraft:walk_on_water_one_cm":59132,"minecraft:total_world_time":259262,"spartanshields:shield_bash_hits":1,"minecraft:time_since_rest":211,"minecraft:damage_taken":21287,"minecraft:damage_absorbed":626,"minecraft:trigger_trapped_chest":3,"minecraft:damage_dealt":33033,"minecraft:swim_one_cm":100587,"minecraft:fly_one_cm":1236411,"minecraft:open_chest":150,"minecraft:crouch_one_cm":11845,"tombstone:undead_killed":77,"minecraft:fall_one_cm":119074},"minecraft:broken":{"minecraft:iron_boots":2,"minecraft:iron_chestplate":2,"minecraft:iron_leggings":1,"minecraft:shield":5,"minecraft:iron_axe":1,"minecraft:iron_sword":1,"minecraft:iron_helmet":2},"minecraft:killed_by":{"born_in_chaos_v1:corpse_fly":1,"iceandfire:lightning_dragon":6,"iceandfire:fire_dragon":1},"minecraft:used":{"minecraft:iron_bars":1,"minecraft:beetroot":1,"minecraft:cherry_sapling":1,"minecraft:acacia_log":2,"minecraft:shield":181,"minecraft:iron_sword":485,"minecraft:rotten_flesh":9,"minecraft:torch":8,"minecraft:dirt":38,"minecraft:mutton":6,"minecraft:carrot":17,"born_in_chaos_v1:soul_cutlass":201,"minecraft:spruce_fence":1,"born_in_chaos_v1:smoked_flesh":13,"minecraft:iron_axe":32,"iceandfire:armor_black_helmet":1,"minecraft:iron_boots":2,"minecraft:light_gray_wool":1,"minecraft:golden_carrot":1,"minecraft:beef":8,"tombstone:gift":7,"minecraft:skeleton_skull":1,"minecraft:cooked_beef":9,"born_in_chaos_v1:fel_soil":1,"minecraft:birch_planks":75,"minecraft:stone_pickaxe":17,"minecraft:oak_planks":32,"minecraft:wooden_pickaxe":3,"minecraft:white_wool":3,"minecraft:golden_apple":9,"minecraft:crafting_table":15,"minecraft:white_bed":3,"minecraft:oak_log":1,"minecraft:apple":11,"minecraft:chicken":1,"minecraft:bread":30,"minecraft:iron_pickaxe":115,"iceandfire:ash":5,"tombstone:grave_key":9,"minecraft:pink_petals":6,"graveyard:upper_bone_staff":2,"minecraft:cobblestone":6,"minecraft:porkchop":3,"minecraft:cooked_porkchop":5,"born_in_chaos_v1:tombstone_dark_titan_066":1,"alexsmobs:animal_dictionary":1,"minecraft:cobweb":7}},"DataVersion":3465}